İl,İlçe,Ortalama Sıcaklık,Maksimal Sıcaklık,Minimal Sıcaklık,Ortalama Bağıl Nem,Yağış Miktarı,Yağışlı Gün Sayısı,Güneşlenme Saati,Atmosfer Basıncı,Rakım
Adana,Genel,18.44,24.18,13.37,64.83,60.50,4.92,9.21,100.967,29.00
Adana,Aladağ,13.59,18.94,8.19,63.33,96.75,7.50,8.98,91.048,877.00
Adana,Ceyhan,18.18,23.31,13.62,67.75,81.50,5.75,9.10,100.955,30.00
Adana,Çukurova,18.44,24.18,13.37,64.83,60.50,4.92,9.21,99.987,109.00
Adana,Feke,12.57,17.90,7.39,62.17,80.42,6.50,9.00,94.717,553.00
Adana,İmamoğlu,17.37,23.63,11.78,66.00,100.00,6.83,8.68,82.857,1650.00
Adana,Karaisalı,15.57,21.13,9.93,62.75,81.00,6.75,9.08,98.282,250.00
Adana,Karataş,19.44,22.87,16.23,70.75,84.92,5.50,9.29,101.202,10.00
Adana,Kozan,16.81,22.80,11.23,64.25,101.50,7.00,8.92,99.841,121.00
Adana,Pozantı,10.40,15.47,4.88,60.42,70.83,7.17,8.71,92.097,783.00
Adana,Saimbeyli,9.67,14.81,4.37,62.17,63.00,5.92,8.55,89.147,1050.00
Adana,Sarıçam,18.63,24.28,13.63,66.00,78.17,5.67,9.12,100.292,84.00
Adana,Seyhan,18.44,24.18,13.37,64.83,60.50,4.92,9.21,100.992,27.00
Adana,Tufanbeyli,8.04,12.88,3.03,59.67,49.25,5.83,8.41,85.432,1399.00
Adana,Yumurtalık,18.82,22.21,15.61,70.00,77.67,5.83,9.36,101.140,15.00
Adana,Yüreğir,18.44,24.18,13.37,64.83,60.50,4.92,9.21,100.992,27.00
Adıyaman,Genel,15.31,21.14,9.19,47.75,48.67,4.25,9.61,93.318,675.00
Adıyaman,Besni,14.53,20.64,7.80,49.50,55.92,4.75,9.54,90.748,904.00
Adıyaman,Çelikhan,10.40,15.35,4.90,52.67,75.92,6.25,9.14,85.547,1388.00
Adıyaman,Gerger,14.06,19.37,8.05,51.25,61.25,4.92,9.43,92.131,780.00
Adıyaman,Gölbaşı,13.05,18.72,6.52,52.00,55.92,4.75,9.54,90.848,895.00
Adıyaman,Kahta,16.28,22.18,10.18,48.83,46.83,4.17,9.68,92.469,750.00
Adıyaman,Samsat,16.84,21.65,11.93,54.83,47.75,4.08,9.36,94.176,600.00
Adıyaman,Sincik,13.53,18.64,7.74,51.67,73.08,6.17,9.24,86.039,1341.00
Adıyaman,Tut,13.77,19.65,7.23,48.25,49.50,4.17,9.66,87.895,1166.00
Adıyaman,Merkez,15.31,21.14,9.19,47.75,48.67,4.25,9.61,93.318,675.00
Afyonkarahisar,Genel,10.98,16.99,5.17,58.33,38.83,5.33,8.68,89.408,1026.00
Afyonkarahisar,Merkez,10.98,16.99,5.17,58.33,38.83,5.33,8.68,89.408,1026.00
Afyonkarahisar,Başmakçı,12.84,18.04,7.80,54.92,31.08,4.33,9.28,91.292,855.00
Afyonkarahisar,Bayat,10.03,15.78,4.48,58.42,38.08,5.42,8.76,89.006,1063.00
Afyonkarahisar,Bolvadin,12.08,17.70,6.53,56.75,35.33,5.17,8.68,89.725,997.00
Afyonkarahisar,Çay,11.02,16.56,5.53,56.00,35.58,4.92,8.60,88.951,1068.00
Afyonkarahisar,Çobanlar,11.53,17.32,5.85,56.25,39.25,5.33,8.63,89.780,992.00
Afyonkarahisar,Dazkırı,13.41,18.20,8.65,54.83,34.83,4.75,9.37,91.048,877.00
Afyonkarahisar,Dinar,11.77,17.40,5.77,56.67,40.58,5.08,8.88,91.214,862.00
Afyonkarahisar,Emirdağ,11.02,16.93,5.26,57.00,36.25,5.17,8.88,89.966,975.00
Afyonkarahisar,Evciler,13.82,19.29,8.33,52.42,31.08,4.33,9.28,90.737,905.00
Afyonkarahisar,Hocalar,10.53,16.13,4.96,58.17,47.67,5.75,8.88,88.400,1119.00
Afyonkarahisar,İhsaniye,10.53,16.13,4.89,57.67,47.67,5.75,8.88,99.610,140.00
Afyonkarahisar,İscehisar,10.32,16.13,4.67,58.25,39.25,5.33,8.63,101.276,4.00
Afyonkarahisar,Kızılören,12.77,18.29,7.17,52.25,34.83,4.75,9.37,89.867,984.00
Afyonkarahisar,Sandıklı,10.39,16.01,4.84,59.17,43.67,5.50,8.69,88.659,1095.00
Afyonkarahisar,Sinanpaşa,9.71,15.48,4.17,58.33,41.83,5.50,8.63,88.432,1116.00
Afyonkarahisar,Şuhut,9.43,15.07,3.76,58.92,43.17,5.50,8.64,88.281,1130.00
Afyonkarahisar,Sultandağı,9.63,14.85,4.49,57.75,37.58,5.33,8.65,89.594,1009.00
Ağrı,Genel,7.55,13.79,1.32,62.83,50.83,7.42,8.98,82.928,1643.00
Ağrı,Diyadin,5.26,11.12,-0.64,64.50,65.00,8.75,8.72,80.183,1919.00
Ağrı,Doğubayazıt,8.22,13.83,2.41,57.42,41.00,7.00,9.12,83.364,1600.00
Ağrı,Eleşkirt,5.71,11.43,0.14,62.42,71.83,8.83,8.77,81.285,1807.00
Ağrı,Hamur,6.62,12.90,0.25,59.42,43.83,6.50,9.21,82.423,1693.00
Ağrı,Patnos,8.04,14.15,1.31,59.92,51.42,6.75,9.39,83.008,1635.00
Ağrı,Taşlıçay,6.13,11.74,0.58,65.17,87.00,10.25,8.66,81.842,1751.00
Ağrı,Tutak,7.53,13.84,0.90,55.83,40.08,6.17,9.35,83.720,1565.00
Ağrı,Merkez,7.55,13.79,1.32,62.83,50.83,7.42,8.98,82.928,1643.00
Aksaray,Genel,12.65,18.69,6.30,50.08,30.25,4.67,9.74,90.010,971.00
Aksaray,Merkez,12.65,18.69,6.30,50.08,30.25,4.67,9.74,90.010,971.00
Aksaray,Ağaçören,11.75,17.34,5.92,52.58,33.17,4.92,9.59,87.158,1235.00
Aksaray,Eskil,13.08,18.27,7.73,54.17,26.92,4.08,9.72,90.461,930.00
Aksaray,Gülağaç,11.38,17.40,5.06,52.50,37.42,5.17,9.47,87.777,1177.00
Aksaray,Güzelyurt,10.47,16.23,4.58,53.25,38.50,5.50,9.45,84.397,1499.00
Aksaray,Ortaköy,10.78,16.37,5.04,54.17,33.17,4.92,9.59,88.174,1140.00
Aksaray,Sarıyahşi,12.25,17.64,6.52,52.75,32.33,4.58,9.61,90.384,937.00
Amasya,Genel,11.52,16.85,6.73,66.67,45.67,6.00,7.63,96.560,395.00
Amasya,Göynücek,11.47,17.22,6.07,64.00,52.83,6.67,8.10,95.041,525.00
Amasya,Gümüşhacıköy,9.01,14.49,4.03,69.58,60.67,7.33,7.81,91.828,807.00
Amasya,Hamamözü,10.70,16.05,5.74,64.33,46.75,6.17,8.13,92.706,729.00
Amasya,Merzifon,10.11,15.67,5.19,71.33,52.67,6.58,7.66,92.717,728.00
Amasya,Suluova,11.37,16.88,6.52,69.17,45.67,6.00,7.63,95.215,510.00
Amasya,Taşova,11.50,16.38,6.99,76.75,80.58,9.17,7.22,98.462,235.00
Amasya,Merkez,11.52,16.85,6.73,66.67,45.67,6.00,7.63,96.560,395.00
Ankara,Genel,11.45,17.07,5.90,55.08,37.58,4.92,9.22,91.081,874.00
Ankara,Akyurt,10.04,15.65,4.53,57.17,41.75,5.92,9.03,89.103,1054.00
Ankara,Altındağ,11.53,17.26,5.78,55.67,45.50,5.92,9.16,89.703,999.00
Ankara,Ayaş,11.41,17.59,5.02,54.92,35.50,5.00,9.30,90.726,906.00
Ankara,Bala,11.41,17.03,5.73,53.00,40.58,5.58,9.48,86.365,1310.00
Ankara,Beypazarı,11.16,16.95,5.28,57.75,42.08,5.75,8.90,93.489,660.00
Ankara,Çamlıdere,8.89,14.19,3.97,65.92,53.08,7.25,8.03,86.407,1306.00
Ankara,Çankaya,11.45,17.07,5.90,55.08,37.58,4.92,9.22,90.892,891.00
Ankara,Çubuk,10.65,16.36,4.99,57.17,41.75,5.92,9.03,89.725,997.00
Ankara,Elmadağ,10.82,16.33,5.31,55.17,45.67,5.83,9.18,87.734,1181.00
Ankara,Etimesgut,11.89,17.78,5.87,54.75,37.58,4.92,9.22,91.772,812.00
Ankara,Evren,12.25,17.64,6.52,52.75,32.33,4.58,9.61,90.781,901.00
Ankara,Gölbaşı,11.27,16.88,5.68,54.25,38.83,5.33,9.32,89.791,991.00
Ankara,Güdül,11.97,17.93,5.87,58.25,42.75,5.92,8.87,92.774,723.00
Ankara,Haymana,11.06,16.85,5.21,51.83,35.83,5.08,9.42,86.850,1264.00
Ankara,Kahramankazan,10.38,16.17,4.49,56.67,34.58,4.92,9.07,90.914,889.00
Ankara,Kalecik,10.84,16.43,5.36,54.67,40.67,5.25,9.30,92.751,725.00
Ankara,Keçiören,11.53,17.26,5.78,55.67,37.58,4.92,9.22,90.527,924.00
Ankara,Kızılcahamam,8.53,13.83,3.48,64.00,46.50,6.67,8.23,89.966,975.00
Ankara,Mamak,11.45,17.07,5.90,55.08,45.50,5.92,9.16,90.054,967.00
Ankara,Nallıhan,11.88,17.31,6.73,60.50,44.92,6.50,8.30,93.832,630.00
Ankara,Polatlı,12.08,18.15,5.95,52.08,31.67,4.42,9.45,91.348,850.00
Ankara,Pursaklar,11.53,17.26,5.78,55.67,45.50,5.92,9.16,88.919,1071.00
Ankara,Şereflikoçhisar,13.27,17.81,8.59,55.92,29.25,4.33,9.55,89.966,975.00
Ankara,Sincan,11.94,17.95,5.75,55.33,37.92,5.17,9.21,91.963,795.00
Ankara,Yenimahalle,11.69,17.53,5.75,55.33,37.58,4.92,9.22,91.092,873.00
Antalya,Genel,17.76,23.38,12.43,58.58,90.08,4.92,9.62,100.623,57.00
Antalya,Akseki,11.35,16.56,6.27,62.67,68.92,6.00,9.42,88.529,1107.00
Antalya,Aksu,18.13,22.97,13.42,60.67,90.08,4.92,9.62,101.103,18.00
Antalya,Alanya,15.99,20.41,11.02,65.58,79.58,5.50,9.82,101.152,14.00
Antalya,Demre,15.89,19.76,11.62,66.25,65.33,5.67,9.74,101.214,9.00
Antalya,Döşemealtı,16.94,22.55,11.52,59.33,93.17,6.83,9.28,97.661,302.00
Antalya,Elmalı,13.01,18.10,7.89,57.58,51.50,5.17,8.76,88.670,1094.00
Antalya,Finike,17.43,21.27,13.08,66.58,59.67,4.83,9.65,101.300,2.00
Antalya,Gazipaşa,18.07,21.33,14.33,69.00,67.67,5.00,9.81,101.103,18.00
Antalya,Gündoğmuş,12.86,17.91,7.55,64.25,73.58,6.42,9.37,90.660,912.00
Antalya,İbradı,12.17,17.63,6.80,62.17,83.08,6.08,9.59,92.356,760.00
Antalya,Kaş,11.41,16.52,6.27,56.25,51.50,5.17,8.76,100.832,40.00
Antalya,Kemer,16.74,20.15,12.92,66.17,81.67,6.33,9.51,101.177,12.00
Antalya,Kepez,17.76,23.38,12.43,58.58,90.08,4.92,9.62,100.292,84.00
Antalya,Konyaaltı,17.41,22.62,12.16,61.33,101.25,5.17,9.83,101.103,18.00
Antalya,Korkuteli,12.21,17.97,5.89,60.00,74.25,7.08,9.08,89.725,997.00
Antalya,Kumluca,18.70,22.96,14.08,65.67,59.67,4.83,9.65,101.140,15.00
Antalya,Manavgat,18.67,22.94,14.32,63.92,80.08,4.83,9.99,101.251,6.00
Antalya,Muratpaşa,17.76,23.38,12.43,58.58,90.08,4.92,9.37,100.758,46.00
Antalya,Serik,18.73,23.78,13.87,61.08,67.25,4.33,9.97,100.955,30.00
Ardahan,Genel,4.37,9.75,-0.77,73.83,76.67,10.08,7.05,81.285,1807.00
Ardahan,Çıldır,3.52,8.72,-1.28,74.25,72.75,9.67,7.05,80.388,1898.00
Ardahan,Damal,2.70,7.86,-2.21,74.17,78.50,10.33,6.94,78.251,2119.00
Ardahan,Göle,3.16,8.43,-1.90,73.00,77.08,9.67,7.13,79.279,2012.00
Ardahan,Hanak,3.94,9.48,0.75,73.67,78.50,10.33,6.94,81.048,1831.00
Ardahan,Posof,4.42,8.74,0.29,75.50,96.08,11.83,6.65,83.537,1583.00
Ardahan,Merkez,4.37,9.75,-0.77,73.83,76.67,10.08,7.05,81.285,1807.00
Artvin,Genel,8.58,12.92,4.33,78.25,192.58,13.08,6.10,96.902,366.00
Artvin,Merkez,8.58,12.92,4.33,78.25,192.58,13.08,6.10,96.902,366.00
Artvin,Ardanuç,5.99,10.63,1.30,70.92,99.25,11.25,7.02,94.567,566.00
Artvin,Arhavi,11.80,14.48,8.92,80.33,203.17,13.42,6.50,101.202,10.00
Artvin,Borçka,9.98,13.77,6.19,80.25,192.58,13.08,6.10,98.896,199.00
Artvin,Hopa,13.13,15.55,10.42,79.33,202.92,11.50,7.29,101.078,20.00
Artvin,Murgul,8.93,12.47,5.40,80.92,200.08,14.00,6.50,96.642,388.00
Artvin,Şavşat,5.93,10.31,1.56,73.67,87.25,10.50,7.11,88.238,1134.00
Artvin,Yusufeli,6.85,11.25,2.72,72.50,88.33,11.17,6.95,92.570,741.00
Aydın,Genel,18.17,23.81,12.40,56.25,63.33,4.58,9.68,100.586,60.00
Aydın,Bozdoğan,14.58,19.93,8.65,53.00,48.17,4.58,9.73,97.959,277.00
Aydın,Buharkent,15.15,20.63,9.47,53.58,41.92,4.67,9.47,99.294,166.00
Aydın,Çine,15.15,20.73,9.28,56.75,68.92,5.33,9.55,100.317,82.00
Aydın,Didim,18.64,21.69,15.58,67.00,64.58,4.33,9.87,100.893,35.00
Aydın,Efeler,18.17,23.81,12.40,56.25,63.33,4.58,9.68,100.684,52.00
Aydın,Germencik,17.01,22.73,11.36,59.33,65.75,4.83,9.62,100.611,58.00
Aydın,İncirliova,16.67,22.48,10.87,57.92,63.33,4.58,9.68,101.325,0.00
Aydın,Karacasu,14.67,19.97,8.97,53.67,48.75,4.75,9.58,94.176,600.00
Aydın,Karpuzlu,15.89,21.53,10.12,59.17,70.50,5.58,9.48,100.195,92.00
Aydın,Koçarlı,17.91,23.59,12.23,57.42,63.33,4.58,9.68,100.586,60.00
Aydın,Köşk,16.08,21.63,10.32,53.50,49.75,4.25,9.81,100.500,67.00
Aydın,Kuşadası,17.29,22.24,12.51,62.92,65.58,4.33,9.75,101.263,5.00
Aydın,Kuyucak,17.45,22.71,11.81,52.00,49.67,4.92,9.40,99.101,182.00
Aydın,Nazilli,17.83,23.11,12.08,52.08,51.67,4.83,9.50,100.537,64.00
Aydın,Söke,18.17,23.13,13.29,63.50,65.75,4.83,9.62,100.906,34.00
Aydın,Sultanhisar,16.99,22.39,11.13,52.92,51.67,4.83,9.50,100.133,97.00
Aydın,Yenipazar,17.57,23.04,11.44,51.92,48.17,4.58,9.73,100.611,58.00
Balıkesir,Genel,14.49,19.62,9.69,67.25,50.08,5.58,8.06,99.695,133.00
Balıkesir,Altıeylül,14.49,19.62,9.69,67.25,50.08,5.58,8.06,99.561,144.00
Balıkesir,Ayvalık,16.90,19.49,14.28,67.17,71.50,4.83,9.67,101.017,25.00
Balıkesir,Balya,13.77,18.69,9.12,69.83,63.08,6.42,7.58,98.342,245.00
Balıkesir,Bandırma,15.31,19.27,11.50,71.50,57.92,6.25,7.90,101.078,20.00
Balıkesir,Bigadiç,14.14,19.79,8.57,66.67,45.75,5.50,8.31,99.258,169.00
Balıkesir,Burhaniye,15.73,20.18,11.48,66.42,68.67,5.42,8.78,101.054,22.00
Balıkesir,Dursunbey,12.39,17.90,7.05,68.75,57.58,6.33,8.33,93.695,642.00
Balıkesir,Edremit,14.87,19.36,10.60,68.75,68.67,5.42,8.78,100.967,29.00
Balıkesir,Erdek,15.17,19.25,11.18,70.00,55.00,5.92,8.31,99.125,180.00
Balıkesir,Gömeç,16.48,19.66,13.37,66.83,87.42,5.25,9.35,101.140,15.00
Balıkesir,Gönen,14.53,19.27,9.83,69.75,60.17,6.17,7.83,100.820,41.00
Balıkesir,Havran,14.67,19.37,10.28,68.08,68.67,5.42,8.78,100.881,36.00
Balıkesir,İvrindi,13.59,18.56,8.94,69.58,52.33,5.33,7.90,99.004,190.00
Balıkesir,Karesi,14.12,19.06,9.49,68.25,50.08,5.58,8.06,99.307,165.00
Balıkesir,Kepsut,14.11,19.41,8.82,68.58,53.92,5.83,8.10,100.402,75.00
Balıkesir,Manyas,14.25,19.07,9.53,68.50,50.92,5.67,7.93,100.709,50.00
Balıkesir,Marmara,15.20,16.93,13.33,73.00,53.08,5.67,8.24,96.961,361.00
Balıkesir,Savaştepe,13.27,18.52,8.38,67.08,45.92,5.00,7.92,97.840,287.00
Balıkesir,Sındırgı,12.76,18.57,7.04,66.33,55.92,5.83,8.57,98.522,230.00
Balıkesir,Susurluk,13.74,18.71,8.90,69.00,52.67,5.75,8.19,100.550,63.00
Bartın,Genel,13.57,17.55,9.48,77.67,70.17,7.17,8.34,101.164,13.00
Bartın,Amasra,13.44,17.07,9.79,78.08,79.08,7.83,8.04,101.226,8.00
Bartın,Kurucaşile,11.64,15.26,7.92,78.25,99.25,8.92,7.82,84.386,1500.00
Bartın,Ulus,12.09,16.83,7.25,78.08,89.00,8.75,7.58,98.571,226.00
Bartın,Merkez,13.57,17.55,9.48,77.67,70.17,7.17,8.34,101.164,13.00
Batman,Genel,16.78,22.63,11.00,48.25,57.92,5.00,9.93,94.486,573.00
Batman,Merkez,16.78,22.63,11.00,48.25,57.92,5.00,9.93,94.486,573.00
Batman,Beşiri,15.93,21.57,10.22,49.58,57.92,5.00,9.93,92.740,726.00
Batman,Gercüş,15.33,20.76,9.95,48.08,59.08,5.58,17.32,90.032,969.00
Batman,Hasankeyf,16.25,21.57,10.36,48.92,62.50,5.50,9.83,95.669,471.00
Batman,Kozluk,13.76,19.74,7.03,51.25,78.42,5.83,9.53,92.469,750.00
Batman,Sason,12.59,18.03,6.43,50.83,78.42,5.83,9.53,91.125,870.00
Bayburt,Genel,6.29,11.97,0.72,67.17,47.83,7.33,7.48,83.537,1583.00
Bayburt,Aydıntepe,5.33,10.35,0.60,71.00,91.25,11.42,6.45,83.364,1600.00
Bayburt,Demirözü,5.13,10.80,-0.27,68.00,49.58,7.33,7.39,82.433,1692.00
Bayburt,Merkez,6.29,11.97,0.72,67.17,47.83,7.33,7.48,83.364,1600.00
Bilecik,Genel,11.93,17.57,6.48,68.00,47.42,6.33,7.93,95.169,514.00
Bilecik,Merkez,11.93,17.57,6.48,68.00,47.42,6.33,7.93,91.281,856.00
Bilecik,Bozüyük,10.66,16.29,5.28,67.33,57.42,7.17,8.13,92.525,745.00
Bilecik,Gölpazarı,11.71,17.27,6.58,68.08,53.83,6.92,7.70,93.992,616.00
Bilecik,İnhisar,12.42,18.03,7.12,66.50,45.17,6.33,7.92,91.281,856.00
Bilecik,Osmaneli,13.57,18.82,8.67,69.83,47.42,6.33,7.93,100.072,102.00
Bilecik,Pazaryeri,10.55,16.13,5.19,67.50,57.42,7.17,8.13,91.795,810.00
Bilecik,Söğüt,11.48,17.34,5.93,66.33,52.75,6.83,8.02,93.136,691.00
Bilecik,Yenipazar,10.99,16.54,5.82,67.08,53.17,7.00,7.77,93.981,617.00
Bingöl,Genel,10.35,15.77,4.08,57.42,84.25,6.50,8.91,88.271,1131.00
Bingöl,Adaklı,6.98,12.60,0.53,59.75,75.58,6.67,8.70,84.006,1537.00
Bingöl,Genç,11.74,17.10,5.47,56.58,94.00,6.67,9.08,89.725,997.00
Bingöl,Karlıova,6.15,11.36,0.27,60.75,69.67,6.92,8.76,79.978,1940.00
Bingöl,Kiğı,8.80,14.03,2.75,59.58,76.83,6.58,8.67,84.242,1514.00
Bingöl,Solhan,6.46,11.54,0.92,57.92,78.83,6.67,8.89,85.027,1438.00
Bingöl,Yayladere,8.34,13.81,1.99,59.25,77.17,6.50,8.72,82.363,1699.00
Bingöl,Yedisu,6.54,11.64,0.83,60.33,69.58,7.25,8.24,83.364,1600.00
Bingöl,Merkez,10.35,15.77,4.08,57.42,84.25,6.50,8.91,88.271,1131.00
Bitlis,Genel,8.91,13.39,4.08,57.17,85.25,7.17,8.91,84.017,1536.00
Bitlis,Merkez,8.91,13.39,4.08,57.17,85.25,7.17,8.91,84.017,1536.00
Bitlis,Adilcevaz,9.12,12.19,5.82,60.83,50.00,6.83,9.16,82.605,1675.00
Bitlis,Ahlat,8.94,12.91,4.52,61.00,51.75,6.58,9.13,82.283,1707.00
Bitlis,Güroymak,10.54,15.22,5.90,57.58,85.25,7.17,8.91,86.375,1309.00
Bitlis,Hizan,9.78,14.40,4.58,54.75,69.50,7.00,9.05,84.799,1460.00
Bitlis,Mutki,9.47,14.18,4.18,56.50,85.25,7.17,8.91,79.230,2017.00
Bitlis,Tatvan,8.28,12.21,4.16,58.58,69.92,6.75,8.92,82.454,1690.00
Bolu,Genel,8.98,14.06,4.12,76.67,90.00,9.50,7.40,92.649,734.00
Bolu,Dörtdivan,8.09,13.17,3.40,73.08,79.92,9.08,7.43,87.895,1166.00
Bolu,Gerede,8.03,13.17,3.15,73.92,73.00,8.92,7.46,86.459,1301.00
Bolu,Göynük,10.13,15.45,5.17,72.42,72.00,8.08,7.38,91.448,841.00
Bolu,Kıbrıscık,8.58,13.85,3.43,62.75,62.58,8.25,7.97,88.713,1090.00
Bolu,Mengen,8.74,14.05,3.68,75.17,87.50,9.17,7.43,93.923,622.00
Bolu,Mudurnu,9.69,14.82,5.02,74.00,71.08,8.75,7.54,91.459,840.00
Bolu,Seben,10.59,15.95,5.40,63.42,65.50,8.50,7.69,92.165,777.00
Bolu,Yeniçağa,8.75,13.95,3.79,74.67,79.92,9.08,7.59,89.692,1000.00
Bolu,Merkez,8.98,14.06,4.12,76.67,90.00,9.50,7.40,92.649,734.00
Burdur,Genel,12.18,17.07,7.48,61.83,49.42,5.50,8.76,90.230,951.00
Burdur,Merkez,12.18,17.07,7.48,61.83,49.42,5.50,8.76,90.230,951.00
Burdur,Ağlasun,10.62,15.99,5.08,61.50,64.00,6.08,8.63,88.454,1114.00
Burdur,Altınyayla,11.14,16.36,6.14,57.00,49.25,5.67,9.10,87.307,1221.00
Burdur,Bucak,13.07,18.77,7.09,60.25,75.83,6.42,8.95,91.828,807.00
Burdur,Çavdır,12.50,18.12,7.17,51.75,31.42,4.42,9.28,88.995,1064.00
Burdur,Çeltikçi,11.81,17.46,5.89,61.25,75.83,6.42,8.95,91.259,858.00
Burdur,Gölhisar,12.12,17.39,7.15,55.67,40.25,5.17,9.22,89.801,990.00
Burdur,Karamanlı,11.74,17.10,6.62,52.58,31.42,4.42,9.28,87.948,1161.00
Burdur,Kemer,11.64,17.13,6.12,56.67,30.42,3.92,9.18,88.013,1155.00
Burdur,Tefenni,11.63,17.13,6.33,51.92,31.42,4.42,9.28,87.916,1164.00
Burdur,Yeşilova,12.00,17.26,7.08,52.83,35.25,4.92,9.27,87.467,1206.00
Bursa,Genel,12.64,17.12,8.30,73.17,74.42,7.08,8.11,98.199,257.00
Bursa,Büyükorhan,11.45,16.88,6.17,68.67,51.83,6.25,8.36,91.895,801.00
Bursa,Gemlik,13.78,17.88,9.87,72.25,68.75,7.17,8.09,101.263,5.00
Bursa,Gürsu,11.95,16.40,7.63,72.67,83.00,7.83,7.94,99.987,109.00
Bursa,Harmancık,11.39,17.14,5.81,63.17,47.17,6.08,8.48,93.296,677.00
Bursa,İnegöl,13.27,18.48,8.14,71.75,75.17,7.92,8.06,99.246,170.00
Bursa,İznik,14.08,18.99,9.50,69.75,59.92,7.17,7.83,100.280,85.00
Bursa,Karacabey,15.10,19.43,10.95,71.08,55.58,6.17,7.92,101.140,15.00
Bursa,Keles,11.30,16.38,6.48,67.67,88.08,8.75,7.80,89.419,1025.00
Bursa,Kestel,11.95,16.40,7.63,72.67,82.92,7.83,7.94,99.829,122.00
Bursa,Mudanya,14.57,17.33,11.71,73.08,68.25,6.83,8.40,100.097,100.00
Bursa,Mustafakemalpaşa,14.19,19.23,9.21,70.17,60.33,6.17,8.31,100.832,40.00
Bursa,Nilüfer,15.33,19.66,11.15,72.42,74.42,7.08,8.11,100.060,103.00
Bursa,Orhaneli,12.83,18.01,7.80,69.92,85.92,8.33,7.83,86.354,1311.00
Bursa,Orhangazi,13.32,17.42,9.42,72.08,68.75,7.17,8.09,99.792,125.00
Bursa,Osmangazi,12.64,17.12,8.30,73.17,74.42,7.08,8.11,99.464,152.00
Bursa,Yenişehir,13.38,18.47,8.41,68.08,55.25,7.08,7.94,98.462,235.00
Bursa,Yıldırım,13.87,18.74,9.33,69.17,65.25,7.42,7.80,99.488,150.00
Çanakkale,Genel,15.74,19.57,11.96,69.25,57.83,5.33,8.38,101.177,12.00
Çanakkale,Ayvacık,15.44,18.76,12.18,66.58,72.00,4.92,9.55,97.733,296.00
Çanakkale,Bayramiç,14.82,18.42,11.36,70.00,54.00,5.42,8.36,99.585,142.00
Çanakkale,Biga,14.43,18.70,10.29,72.08,59.17,6.00,7.84,101.017,25.00
Çanakkale,Bozcaada,16.34,19.82,12.90,66.33,55.58,4.58,9.47,101.263,5.00
Çanakkale,Çan,13.67,18.34,9.10,73.00,71.17,6.58,7.71,99.743,129.00
Çanakkale,Eceabat,15.74,19.57,11.96,69.25,51.25,4.42,8.88,101.226,8.00
Çanakkale,Ezine,15.99,20.11,12.00,64.92,55.58,4.58,9.47,100.709,50.00
Çanakkale,Gelibolu,15.31,18.97,11.80,71.17,57.00,5.25,8.34,100.918,33.00
Çanakkale,Gökçeada,16.12,18.02,14.10,71.17,53.00,4.50,9.14,100.906,34.00
Çanakkale,Lapseki,14.82,18.61,11.17,70.42,58.00,5.50,8.12,101.288,3.00
Çanakkale,Yenice,14.82,18.61,11.17,70.42,58.00,5.50,8.12,98.223,255.00
Çanakkale,Merkez,15.74,19.57,11.96,69.25,57.83,5.33,8.38,101.177,12.00
Çankırı,Genel,11.56,17.37,5.62,55.58,36.92,5.25,9.22,92.322,763.00
Çankırı,Merkez,11.56,17.37,5.62,55.58,36.92,5.25,9.22,92.322,763.00
Çankırı,Atkaracalar,8.19,13.55,3.25,68.92,65.08,8.50,8.03,86.935,1256.00
Çankırı,Bayramören,8.18,13.67,2.93,68.33,59.33,7.92,7.99,92.007,791.00
Çankırı,Çerkeş,8.05,13.38,3.10,70.17,65.08,8.50,8.03,88.195,1138.00
Çankırı,Eldivan,10.40,16.21,4.58,55.25,36.92,5.25,9.22,90.263,948.00
Çankırı,Ilgaz,8.92,13.90,4.15,64.33,64.50,8.08,8.08,90.660,912.00
Çankırı,Kızılırmak,13.14,19.37,7.18,53.92,39.75,5.42,9.51,94.659,558.00
Çankırı,Korgun,9.99,15.53,4.45,59.42,49.08,6.67,8.56,90.737,905.00
Çankırı,Kurşunlu,8.28,13.57,3.38,65.33,60.17,7.75,8.06,88.292,1129.00
Çankırı,Orta,7.83,13.10,2.85,66.25,65.08,8.50,8.03,86.999,1250.00
Çankırı,Şabanözü,9.60,15.29,4.02,59.00,49.75,6.67,8.63,89.364,1030.00
Çankırı,Yapraklı,9.08,14.12,3.98,60.00,45.83,6.42,8.78,87.424,1210.00
Çorum,Genel,11.18,16.58,6.15,62.58,51.33,6.42,8.33,91.705,818.00
Çorum,Alaca,10.53,16.27,4.94,62.33,50.75,6.25,8.81,90.582,919.00
Çorum,Bayat,12.98,18.79,7.37,54.92,48.33,6.42,8.84,92.683,731.00
Çorum,Boğazkale,9.80,15.64,3.93,57.25,40.75,5.75,9.23,89.201,1045.00
Çorum,Dodurga,12.20,17.45,7.28,62.25,39.83,5.50,8.47,94.694,555.00
Çorum,İskilip,11.90,17.33,6.84,57.33,44.92,6.25,8.76,94.937,534.00
Çorum,Kargı,12.16,17.50,7.22,63.00,46.67,6.25,7.84,96.266,420.00
Çorum,Laçin,11.40,16.77,6.34,62.33,46.75,6.17,8.13,92.548,743.00
Çorum,Mecitözü,10.45,15.90,5.36,65.08,54.17,6.67,8.17,91.683,820.00
Çorum,Oğuzlar,10.31,15.58,5.37,60.17,39.83,5.50,8.47,93.012,702.00
Çorum,Ortaköy,10.22,15.83,4.78,62.92,47.00,6.08,8.43,91.907,800.00
Çorum,Osmancık,12.27,17.48,7.50,63.42,58.42,7.25,8.11,96.149,430.00
Çorum,Sungurlu,11.65,17.77,5.55,57.67,50.75,6.25,9.06,92.131,780.00
Çorum,Uğurludağ,10.22,16.10,4.45,59.42,42.75,5.67,9.02,91.549,832.00
Çorum,Merkez,11.18,16.58,6.15,62.58,51.33,6.42,8.33,91.705,818.00
Denizli,Genel,16.48,21.94,10.75,49.50,39.50,4.50,9.61,96.442,405.00
Denizli,Acıpayam,14.64,19.99,9.62,53.58,39.83,4.92,9.42,90.649,913.00
Denizli,Babadağ,13.95,19.41,8.11,49.67,44.58,4.58,9.53,92.198,774.00
Denizli,Baklan,13.09,18.72,7.33,52.50,33.92,4.33,9.54,90.417,934.00
Denizli,Bekilli,14.47,20.53,8.15,52.00,36.25,4.67,9.59,91.616,826.00
Denizli,Beyağaç,12.42,17.92,7.02,58.08,55.00,5.17,9.26,93.068,697.00
Denizli,Bozkurt,14.22,19.47,9.04,53.25,36.33,4.83,9.42,91.248,859.00
Denizli,Buldan,16.36,21.89,10.72,51.75,41.92,4.67,9.47,93.752,637.00
Denizli,Çal,14.11,20.09,7.86,51.08,33.92,4.33,9.54,91.348,850.00
Denizli,Çameli,12.83,18.13,7.65,58.33,61.58,5.92,9.27,85.965,1348.00
Denizli,Çardak,14.16,19.28,9.27,54.25,36.67,5.08,9.22,90.992,882.00
Denizli,Çivril,13.75,19.62,7.51,54.50,41.42,5.17,9.32,91.604,827.00
Denizli,Güney,12.27,17.43,7.44,56.42,49.92,5.25,9.17,90.142,959.00
Denizli,Honaz,16.07,21.63,10.31,49.67,36.25,4.42,9.58,94.222,596.00
Denizli,Kale,14.08,19.87,8.18,55.75,47.92,5.00,9.48,89.659,1003.00
Denizli,Merkezefendi,16.48,21.94,10.75,49.50,39.50,4.50,9.61,96.737,380.00
Denizli,Pamukkale,17.97,23.48,12.35,48.67,34.25,4.08,9.62,98.163,260.00
Denizli,Sarayköy,17.49,22.91,11.94,49.58,34.25,4.08,9.62,99.307,165.00
Denizli,Serinhisar,11.56,17.03,6.08,51.67,39.83,4.92,9.42,89.856,985.00
Denizli,Tavas,12.21,17.92,6.28,52.67,42.67,4.83,9.49,90.340,941.00
Diyarbakır,Genel,16.04,22.11,9.89,48.75,55.67,5.17,9.85,93.398,668.00
Diyarbakır,Bağlar,16.04,22.11,9.89,48.75,55.67,5.17,9.83,92.989,704.00
Diyarbakır,Bismil,16.83,22.95,10.82,46.92,44.17,4.75,9.90,94.717,553.00
Diyarbakır,Çermik,15.78,21.38,9.58,49.50,56.33,5.42,9.22,93.205,685.00
Diyarbakır,Çınar,16.32,22.29,10.25,48.08,44.25,4.58,9.88,93.341,673.00
Diyarbakır,Çüngüş,14.07,18.91,8.61,50.83,57.33,5.58,9.15,90.076,965.00
Diyarbakır,Dicle,14.49,20.34,8.04,51.67,59.25,5.08,9.63,90.362,939.00
Diyarbakır,Eğil,14.73,20.69,8.38,50.83,59.25,5.08,9.63,90.571,920.00
Diyarbakır,Ergani,14.34,19.98,8.25,50.33,56.50,5.17,9.47,90.395,936.00
Diyarbakır,Hani,14.47,20.56,7.84,50.33,85.75,6.00,9.41,90.682,910.00
Diyarbakır,Hazro,13.83,19.82,7.40,48.83,68.92,5.17,17.42,89.114,1053.00
Diyarbakır,Kayapınar,16.04,22.11,9.89,48.75,55.67,5.17,9.83,92.514,746.00
Diyarbakır,Kocaköy,14.89,20.82,8.65,49.50,66.58,5.00,9.77,90.693,909.00
Diyarbakır,Kulp,14.02,19.37,7.68,53.00,94.00,6.58,9.20,89.147,1050.00
Diyarbakır,Lice,12.58,18.32,6.13,52.17,88.08,6.00,9.35,88.335,1125.00
Diyarbakır,Silvan,14.87,21.24,8.09,50.67,68.00,5.17,9.76,91.660,822.00
Diyarbakır,Sur,16.04,22.11,9.89,48.75,55.67,5.17,9.85,93.261,680.00
Diyarbakır,Yenişehir,16.04,22.11,9.89,48.75,55.67,5.17,9.83,93.239,682.00
Düzce,Genel,11.65,16.57,6.78,80.08,95.50,9.42,7.23,99.537,146.00
Düzce,Akçakoca,12.89,15.49,9.96,78.75,93.08,8.42,7.75,101.300,2.00
Düzce,Çilimli,12.16,16.57,7.67,79.83,93.08,8.42,7.75,98.932,196.00
Düzce,Cumayeri,12.16,16.57,7.67,79.83,96.42,9.17,7.20,99.743,129.00
Düzce,Gölyaka,11.44,16.31,6.61,79.67,96.42,9.17,7.20,99.743,129.00
Düzce,Gümüşova,11.31,16.17,6.55,79.33,96.42,9.17,7.20,99.185,175.00
Düzce,Kaynaşlı,10.76,15.71,5.86,79.92,95.50,9.42,7.23,97.257,336.00
Düzce,Yığılca,11.08,15.02,7.12,79.00,99.42,9.17,7.41,97.328,330.00
Düzce,Merkez,11.65,16.57,6.78,80.08,95.50,9.42,7.23,99.537,146.00
Edirne,Genel,14.32,19.83,9.02,64.67,46.17,5.08,8.58,100.439,72.00
Edirne,Merkez,14.32,19.83,9.02,64.67,46.17,5.08,8.58,100.439,72.00
Edirne,Enez,15.72,19.21,12.29,66.25,57.92,5.00,9.02,101.276,4.00
Edirne,Havsa,14.38,19.65,9.19,65.08,47.58,5.00,8.62,100.427,73.00
Edirne,İpsala,15.17,30.02,10.58,65.08,51.08,5.00,8.63,88.681,1093.00
Edirne,Keşan,14.98,19.65,10.47,65.17,57.25,5.33,8.51,99.829,122.00
Edirne,Lalapaşa,13.83,18.90,8.84,66.08,45.50,5.08,8.58,100.439,72.00
Edirne,Meriç,14.60,19.50,9.73,65.42,51.75,5.08,8.56,100.955,30.00
Edirne,Süloğlu,13.51,18.41,8.77,67.25,47.83,5.25,8.51,99.525,147.00
Edirne,Uzunköprü,14.82,20.08,9.60,64.92,48.75,5.00,8.53,101.202,10.00
Elazığ,Genel,13.69,18.44,8.86,53.67,51.42,5.67,9.24,88.843,1078.00
Elazığ,Ağın,14.09,18.71,9.13,55.00,48.33,5.33,9.31,90.693,909.00
Elazığ,Alacakaya,13.27,18.53,7.39,51.42,64.92,5.75,9.28,88.098,1147.00
Elazığ,Arıcak,10.29,15.55,4.43,52.67,82.33,6.00,9.38,88.421,1117.00
Elazığ,Baskil,11.48,16.37,6.32,49.50,44.17,5.17,9.34,87.264,1225.00
Elazığ,Karakoçan,10.68,16.31,4.11,56.33,75.83,6.25,9.08,88.713,1090.00
Elazığ,Keban,13.56,17.72,8.33,51.50,42.33,4.92,9.47,91.727,816.00
Elazığ,Kovancılar,12.92,17.95,7.21,52.00,64.00,5.92,9.26,89.933,978.00
Elazığ,Maden,13.07,18.28,7.36,51.08,64.92,5.75,9.28,89.103,1054.00
Elazığ,Palu,12.92,17.95,7.21,52.00,64.00,5.92,9.26,89.147,1050.00
Elazığ,Sivrice,11.17,15.68,6.34,53.50,58.17,5.92,9.11,86.407,1306.00
Elazığ,Merkez,13.69,18.44,8.86,53.67,51.42,5.67,9.24,88.843,1078.00
Erzincan,Genel,8.98,13.99,3.82,63.50,61.92,7.33,7.79,87.499,1203.00
Erzincan,Merkez,8.98,13.99,3.82,63.50,61.92,7.33,7.79,87.499,1203.00
Erzincan,Çayırlı,5.54,10.91,0.22,65.58,62.50,7.58,7.60,84.109,1527.00
Erzincan,İliç,9.76,14.81,4.12,57.25,48.58,5.75,8.70,101.239,7.00
Erzincan,Kemah,7.71,12.31,2.82,64.08,87.58,8.08,7.70,89.114,1053.00
Erzincan,Kemaliye,8.45,13.42,3.13,55.75,63.17,6.67,8.93,90.241,950.00
Erzincan,Otlukbeli,5.39,11.27,-0.37,67.33,55.50,7.75,7.49,81.892,1746.00
Erzincan,Refahiye,5.52,10.87,-0.15,66.00,56.92,7.00,7.58,83.475,1589.00
Erzincan,Tercan,7.07,12.83,0.97,61.25,46.17,6.25,8.08,85.162,1425.00
Erzincan,Üzümlü,7.17,12.06,2.17,64.17,64.92,7.42,7.62,84.397,1499.00
Erzurum,Genel,4.96,10.56,-0.47,65.25,56.33,7.75,7.60,80.144,1923.00
Erzurum,Aşkale,5.86,11.69,-0.47,63.42,61.58,8.00,7.77,82.736,1662.00
Erzurum,Aziziye,2.51,8.28,-3.15,64.33,62.08,7.67,8.01,76.561,2298.00
Erzurum,Çat,7.04,13.15,1.35,59.42,41.00,6.33,8.26,79.783,1960.00
Erzurum,Hınıs,7.13,12.75,1.06,60.33,62.17,6.83,8.82,82.183,1717.00
Erzurum,Horasan,7.91,13.99,2.17,59.58,48.75,7.50,8.28,83.802,1557.00
Erzurum,İspir,5.47,10.28,0.92,71.33,74.42,9.67,7.02,87.745,1180.00
Erzurum,Karaçoban,7.32,13.22,0.93,56.75,52.33,6.33,9.10,83.843,1553.00
Erzurum,Karayazı,4.54,10.17,-0.91,63.67,85.08,9.33,8.28,75.155,2450.00
Erzurum,Köprüköy,6.78,12.90,1.06,60.00,45.92,6.83,8.00,83.201,1616.00
Erzurum,Narman,5.01,10.55,-0.10,68.17,67.17,8.83,7.33,82.857,1650.00
Erzurum,Oltu,5.82,11.13,0.73,67.58,59.75,8.75,7.34,86.734,1275.00
Erzurum,Olur,6.54,11.58,1.43,67.50,60.42,8.75,7.39,86.186,1327.00
Erzurum,Palandöken,4.96,10.56,-0.47,65.25,57.17,7.75,7.60,79.666,1972.00
Erzurum,Pasinler,6.24,12.42,0.28,62.92,45.92,6.83,8.00,81.753,1760.00
Erzurum,Pazaryolu,5.94,11.01,0.99,68.75,80.00,10.67,6.88,84.438,1495.00
Erzurum,Şenkaya,6.16,11.40,0.97,69.75,61.50,8.75,7.34,81.355,1800.00
Erzurum,Tekman,6.34,11.87,1.02,63.83,62.08,7.67,8.01,81.355,1800.00
Erzurum,Tortum,5.27,10.75,0.02,68.08,64.00,8.33,7.36,84.903,1450.00
Erzurum,Uzundere,5.62,10.79,0.73,67.25,66.17,9.17,7.23,88.745,1087.00
Erzurum,Yakutiye,4.96,10.56,-0.47,65.25,56.33,7.75,7.60,80.241,1913.00
Eskişehir,Genel,10.92,17.03,5.21,62.92,37.67,5.42,8.33,91.951,796.00
Eskişehir,Alpu,12.09,18.30,6.38,59.00,35.67,4.92,8.66,92.277,767.00
Eskişehir,Beylikova,12.41,18.56,6.58,57.50,39.67,5.17,8.88,92.333,762.00
Eskişehir,Çifteler,11.97,18.22,5.98,57.00,32.83,4.75,8.86,91.059,876.00
Eskişehir,Günyüzü,11.77,17.78,5.73,52.92,35.25,5.17,9.22,90.959,885.00
Eskişehir,Han,10.99,17.11,5.07,57.75,37.42,5.17,8.88,87.456,1207.00
Eskişehir,İnönü,10.51,16.30,5.11,66.42,54.50,7.08,8.02,82.464,1689.00
Eskişehir,Mahmudiye,11.80,18.07,5.88,56.58,32.83,4.75,8.86,91.048,877.00
Eskişehir,Mihalgazi,11.33,17.10,6.00,63.42,45.17,6.33,7.92,97.352,328.00
Eskişehir,Mihalıççık,10.34,15.96,4.92,57.25,43.75,5.50,9.07,86.207,1325.00
Eskişehir,Odunpazarı,10.89,17.03,5.21,62.75,37.67,5.42,8.33,91.593,828.00
Eskişehir,Sarıcakaya,11.33,17.10,6.00,63.42,45.17,6.33,7.92,98.859,202.00
Eskişehir,Seyitgazi,10.92,17.01,5.21,60.33,38.58,5.75,8.63,89.725,997.00
Eskişehir,Sivrihisar,11.68,17.65,5.91,54.42,34.92,5.08,9.10,88.713,1090.00
Eskişehir,Tepebaşı,10.89,17.03,5.21,62.75,37.67,5.42,8.33,91.985,793.00
Gaziantep,Genel,15.13,21.23,9.22,54.08,38.58,4.50,9.60,91.415,844.00
Gaziantep,Araban,16.32,22.68,9.97,52.08,52.83,4.42,9.65,94.061,610.00
Gaziantep,İslahiye,15.26,20.68,10.38,64.00,63.58,5.75,8.74,89.190,1046.00
Gaziantep,Karkamış,18.64,34.34,12.42,48.92,25.58,3.17,9.93,96.996,358.00
Gaziantep,Nizip,17.61,23.77,11.28,49.25,33.67,3.75,9.82,95.215,510.00
Gaziantep,Nurdağı,14.64,20.04,9.77,63.42,64.25,5.58,8.56,95.250,507.00
Gaziantep,Oğuzeli,16.36,22.36,10.40,51.75,38.58,4.50,9.60,93.182,687.00
Gaziantep,Şahinbey,15.72,21.98,9.59,53.08,41.00,4.67,9.37,91.828,807.00
Gaziantep,Şehitkamil,15.13,21.23,9.22,54.08,41.00,4.67,9.37,91.170,866.00
Gaziantep,Yavuzeli,15.97,22.27,9.76,53.17,50.83,4.92,9.42,93.603,650.00
Giresun,Genel,12.99,16.27,9.76,80.67,132.08,11.08,7.16,100.243,88.00
Giresun,Alucra,5.26,10.35,0.04,70.25,50.25,7.17,7.39,84.747,1465.00
Giresun,Bulancak,12.67,15.89,9.57,80.58,130.92,11.00,7.13,100.072,102.00
Giresun,Çamoluk,6.27,11.66,0.62,66.42,50.25,7.17,7.39,88.562,1104.00
Giresun,Çanakçı,10.68,14.62,6.87,79.08,130.25,11.50,6.90,97.625,305.00
Giresun,Dereli,8.39,12.38,4.62,81.75,156.50,13.17,6.00,96.548,396.00
Giresun,Doğankent,9.30,13.42,5.32,79.75,138.83,12.83,5.95,97.602,307.00
Giresun,Espiye,12.49,16.01,9.00,79.83,119.58,11.08,7.04,101.029,24.00
Giresun,Eynesil,12.20,15.30,8.94,79.42,129.92,11.58,6.81,101.202,10.00
Giresun,Görele,12.66,15.73,9.45,79.08,130.25,11.50,6.90,101.189,11.00
Giresun,Güce,12.26,15.98,8.54,79.25,136.00,11.08,7.04,97.044,354.00
Giresun,Keşap,12.82,16.13,9.55,80.25,132.08,11.08,7.16,100.158,95.00
Giresun,Piraziz,12.33,15.66,9.12,80.42,112.67,10.42,7.25,97.495,316.00
Giresun,Şebinkarahisar,6.86,12.01,1.68,68.33,51.08,7.08,7.59,85.714,1372.00
Giresun,Tirebolu,12.26,15.98,8.54,79.25,136.00,11.08,7.04,100.709,50.00
Giresun,Yağlıdere,12.77,16.06,9.50,80.00,144.58,12.92,6.09,99.065,185.00
Giresun,Merkez,12.99,16.27,9.76,80.67,132.08,11.08,7.16,100.243,88.00
Gümüşhane,Genel,5.38,10.09,1.56,75.58,84.17,11.00,6.27,87.243,1227.00
Gümüşhane,Merkez,5.38,10.09,1.56,75.58,84.17,11.00,6.27,87.243,1227.00
Gümüşhane,Kelkit,6.51,12.08,0.88,66.25,48.00,7.33,7.22,85.662,1377.00
Gümüşhane,Köse,5.23,10.94,-0.34,67.00,45.42,7.33,7.38,83.465,1590.00
Gümüşhane,Kürtün,6.78,11.23,2.50,80.83,138.83,12.83,5.95,93.992,616.00
Gümüşhane,Şiran,7.06,12.21,1.88,69.33,58.00,7.83,6.93,84.830,1457.00
Gümüşhane,Torul,5.52,10.29,0.89,79.67,89.67,10.67,6.21,88.465,1113.00
Hakkari,Genel,7.29,11.91,1.88,55.58,85.83,6.50,8.81,82.283,1707.00
Hakkari,Çukurca,12.40,17.96,5.42,50.25,91.17,6.00,9.27,86.396,1307.00
Hakkari,Şemdinli,8.69,13.24,3.88,56.08,83.25,6.08,8.81,84.903,1450.00
Hakkari,Yüksekova,7.36,12.29,2.00,59.17,72.75,6.42,8.60,79.880,1950.00
Hakkari,Merkez,7.29,11.91,1.88,55.58,85.83,6.50,8.81,82.283,1707.00
Hatay,Genel,18.03,22.98,13.53,68.50,54.83,5.25,8.49,100.231,89.00
Hatay,Merkez,18.03,22.98,13.53,68.50,54.83,5.25,8.49,100.231,89.00
Hatay,Altınözü,17.39,22.92,12.44,65.92,51.50,5.25,8.36,98.655,219.00
Hatay,Arsuz,17.25,20.34,14.23,70.17,72.08,6.08,8.11,101.251,6.00
Hatay,Belen,16.63,21.00,12.57,68.00,58.92,5.42,8.88,93.946,620.00
Hatay,Defne,17.33,21.85,13.22,69.92,54.83,5.25,8.49,99.865,119.00
Hatay,Dörtyol,17.67,22.39,13.39,68.67,64.75,6.00,8.81,100.648,55.00
Hatay,Erzin,17.62,22.73,13.07,67.92,69.75,6.25,8.77,99.137,179.00
Hatay,Hassa,15.77,21.07,10.92,64.83,55.25,5.58,8.83,96.348,413.00
Hatay,İskenderun,16.98,20.78,13.33,69.58,58.92,5.42,8.88,92.627,736.00
Hatay,Kırıkhan,17.79,23.31,12.79,64.33,58.92,5.42,8.88,99.476,151.00
Hatay,Kumlu,18.81,25.01,13.13,60.58,42.50,4.42,8.97,100.219,90.00
Hatay,Payas,17.67,22.39,13.39,68.67,64.75,6.00,8.81,100.943,31.00
Hatay,Reyhanlı,17.94,24.27,12.17,58.75,42.50,4.42,8.97,99.391,158.00
Hatay,Samandağ,17.91,22.06,14.09,72.25,68.00,6.33,8.06,101.140,15.00
Hatay,Yayladağı,16.00,20.78,11.63,69.50,68.00,6.33,8.06,95.914,450.00
Iğdır,Genel,11.33,17.35,4.72,60.17,43.92,6.50,10.03,91.225,861.00
Iğdır,Aralık,13.13,18.34,8.17,55.83,102.83,10.67,9.48,91.727,816.00
Iğdır,Karakoyunlu,12.56,19.06,5.57,56.25,53.83,7.50,10.19,91.437,842.00
Iğdır,Tuzluca,9.40,15.43,2.79,59.92,53.42,7.75,9.63,91.125,870.00
Iğdır,Merkez,11.33,17.35,4.72,60.17,43.92,6.50,10.03,91.225,861.00
Isparta,Genel,11.47,16.52,6.37,61.58,64.00,6.08,8.63,89.648,1004.00
Isparta,Merkez,11.47,16.52,6.37,61.58,64.00,6.08,8.63,89.648,1004.00
Isparta,Aksu,9.62,14.15,5.17,62.42,54.00,5.67,8.61,87.211,1230.00
Isparta,Atabey,10.18,15.01,5.33,61.92,55.33,5.83,8.43,89.277,1038.00
Isparta,Eğirdir,12.24,16.37,8.03,62.08,68.83,5.83,8.66,90.417,934.00
Isparta,Gelendost,11.51,15.98,7.05,61.08,44.00,5.42,8.46,90.252,949.00
Isparta,Gönen,10.72,15.74,5.58,61.00,53.33,5.92,9.48,89.561,1012.00
Isparta,Keçiborlu,12.02,17.19,6.88,60.92,40.58,5.08,8.88,89.583,1010.00
Isparta,Şarkikaraağaç,10.88,15.61,6.09,59.17,46.83,5.83,8.46,87.777,1177.00
Isparta,Senirkent,9.95,14.94,4.88,60.17,53.33,5.92,8.65,89.354,1031.00
Isparta,Sütçüler,11.67,16.95,6.15,61.75,69.67,6.00,9.05,90.087,964.00
Isparta,Uluborlu,10.48,15.85,4.88,59.50,53.33,5.92,8.65,88.605,1100.00
Isparta,Yalvaç,10.61,15.60,5.73,58.83,44.08,5.83,8.58,88.572,1103.00
Isparta,Yenişarbademli,10.35,14.59,6.34,63.58,44.75,5.42,8.57,87.809,1174.00
İstanbul,Genel,14.86,17.72,12.03,73.92,60.67,6.50,8.21,100.648,55.00
İstanbul,Adalar,14.75,17.61,11.98,73.92,62.92,6.33,8.63,101.054,22.00
İstanbul,Arnavutköy,14.67,18.03,11.53,71.50,57.00,6.42,8.06,99.573,143.00
İstanbul,Ataşehir,14.75,17.61,11.98,73.92,60.67,6.50,8.29,99.829,122.00
İstanbul,Avcılar,14.99,17.49,12.57,73.00,50.83,5.50,8.35,100.292,84.00
İstanbul,Bağcılar,15.06,17.76,12.40,72.92,50.83,5.50,8.35,100.292,84.00
İstanbul,Bahçelievler,15.06,17.76,12.40,72.92,50.83,5.50,8.35,100.537,64.00
İstanbul,Bakırköy,15.06,17.76,12.40,72.92,50.83,5.50,8.35,100.906,34.00
İstanbul,Başakşehir,14.86,17.88,11.94,71.58,50.83,5.50,8.35,100.036,105.00
İstanbul,Bayrampaşa,15.06,17.76,12.40,72.92,60.67,6.50,8.29,100.109,99.00
İstanbul,Beşiktaş,14.83,18.03,11.82,72.58,60.67,6.50,8.29,101.029,24.00
İstanbul,Beykoz,14.78,18.01,11.75,73.00,60.67,6.50,8.29,100.857,38.00
İstanbul,Beylikdüzü,15.04,17.52,12.67,72.83,50.83,5.50,8.35,99.683,134.00
İstanbul,Beyoğlu,14.86,17.72,12.03,73.92,60.67,6.50,8.29,100.611,58.00
İstanbul,Büyükçekmece,15.04,17.52,12.67,72.83,49.42,5.42,8.36,101.239,7.00
İstanbul,Çatalca,14.79,17.94,11.76,72.25,61.08,6.75,8.03,100.243,88.00
İstanbul,Çekmeköy,14.49,17.48,11.68,73.75,62.33,6.50,8.26,99.355,161.00
İstanbul,Esenler,15.06,18.59,12.40,72.92,50.83,5.50,8.35,100.574,61.00
İstanbul,Esenyurt,14.99,17.49,12.57,73.00,50.83,5.50,8.35,99.768,127.00
İstanbul,Eyüpsultan,15.06,17.76,12.40,72.92,60.67,6.50,8.29,101.152,14.00
İstanbul,Fatih,15.06,17.76,12.40,72.92,60.67,6.50,8.29,100.599,59.00
İstanbul,Gaziosmanpaşa,14.84,18.02,11.78,72.17,60.67,6.50,8.29,100.562,62.00
İstanbul,Güngören,15.06,17.76,12.40,72.92,60.67,6.50,8.29,100.402,75.00
İstanbul,Kadıköy,14.75,17.61,11.98,73.92,60.67,6.50,8.29,99.853,120.00
İstanbul,Kağıthane,14.83,18.03,11.82,72.58,60.67,6.50,8.29,100.146,96.00
İstanbul,Kartal,14.49,17.48,11.68,73.75,62.33,6.50,8.26,100.918,33.00
İstanbul,Küçükçekmece,14.99,17.54,12.43,73.17,50.83,5.50,8.35,100.378,77.00
İstanbul,Maltepe,14.49,17.48,11.68,73.75,62.33,6.50,8.26,100.893,35.00
İstanbul,Pendik,14.58,17.67,11.67,74.42,62.33,6.50,8.26,100.697,51.00
İstanbul,Sancaktepe,14.49,17.48,11.68,73.75,62.33,6.50,8.26,99.719,131.00
İstanbul,Sarıyer,14.90,18.13,11.83,72.08,56.33,6.50,8.08,99.319,164.00
İstanbul,Şile,14.55,18.22,11.10,71.75,54.75,6.50,8.03,99.780,126.00
İstanbul,Silivri,14.78,18.12,11.57,72.42,46.92,5.33,8.45,101.202,10.00
İstanbul,Şişli,14.83,18.03,11.82,72.58,60.67,6.50,8.29,100.158,95.00
İstanbul,Sultanbeyli,14.31,17.53,11.25,73.25,62.33,6.50,8.26,99.780,126.00
İstanbul,Sultangazi,14.84,18.02,11.78,72.17,60.67,6.50,8.29,100.562,62.00
İstanbul,Tuzla,14.58,17.67,11.67,74.42,63.67,6.50,8.33,101.054,22.00
İstanbul,Ümraniye,14.75,17.61,11.98,73.92,60.67,6.50,8.29,99.683,134.00
İstanbul,Üsküdar,14.86,17.72,12.03,73.92,60.67,6.50,8.29,100.955,30.00
İstanbul,Zeytinburnu,14.86,17.72,12.03,73.92,60.67,6.50,8.29,101.202,10.00
İzmir,Genel,17.06,22.62,11.74,63.25,61.83,5.00,9.42,99.585,142.00
İzmir,Aliağa,16.53,21.30,12.11,63.42,52.83,4.58,9.65,100.943,31.00
İzmir,Balçova,17.06,22.62,11.74,63.25,61.83,5.00,9.42,100.525,65.00
İzmir,Bayındır,16.79,22.81,10.66,60.33,62.83,5.42,9.35,100.354,79.00
İzmir,Bayraklı,17.06,22.62,11.74,63.25,61.83,5.00,9.42,100.268,86.00
İzmir,Bergama,16.18,21.47,11.19,64.92,54.75,4.92,9.17,100.672,53.00
İzmir,Beydağ,15.82,21.36,10.08,57.67,51.67,4.83,9.50,98.932,196.00
İzmir,Bornova,16.01,21.57,10.71,62.67,61.83,5.00,9.42,100.918,33.00
İzmir,Buca,17.06,22.62,11.74,63.25,61.83,5.00,9.42,100.857,38.00
İzmir,Çeşme,18.31,20.82,15.77,68.00,53.58,4.25,9.83,101.263,5.00
İzmir,Çiğli,17.06,22.62,11.74,63.25,55.75,4.67,9.61,101.313,1.00
İzmir,Dikili,16.27,20.15,12.63,65.33,55.33,4.75,9.55,101.251,6.00
İzmir,Foça,16.99,20.22,13.72,66.50,56.25,4.25,9.90,100.943,31.00
İzmir,Gaziemir,16.48,21.89,11.38,63.75,67.33,4.92,9.54,99.671,135.00
İzmir,Güzelbahçe,16.49,20.75,12.48,65.08,64.42,4.92,9.63,100.758,46.00
İzmir,Karabağlar,16.48,21.89,11.38,63.75,67.33,4.92,9.54,99.671,135.00
İzmir,Karaburun,16.40,18.25,14.45,70.08,61.17,4.58,9.87,100.709,50.00
İzmir,Karşıyaka,17.07,22.62,11.74,63.25,55.75,4.67,9.61,101.127,16.00
İzmir,Kemalpaşa,14.78,20.34,9.47,62.00,62.00,5.00,9.21,98.583,225.00
İzmir,Kınık,15.27,20.82,10.18,65.50,53.25,4.92,8.80,100.832,40.00
İzmir,Kiraz,16.51,21.82,11.38,59.17,63.33,5.92,9.22,97.614,306.00
İzmir,Konak,17.06,22.62,11.74,63.25,61.83,5.00,9.42,101.226,8.00
İzmir,Menderes,16.48,21.89,11.38,63.75,67.33,4.92,9.54,99.865,119.00
İzmir,Menemen,16.43,21.79,11.32,62.25,55.75,4.67,9.61,100.955,30.00
İzmir,Narlıdere,17.29,21.04,13.51,66.00,52.83,4.58,9.65,101.017,25.00
İzmir,Ödemiş,18.41,23.88,12.97,60.17,66.42,6.08,9.27,99.816,123.00
İzmir,Seferihisar,17.41,20.88,14.08,66.17,50.42,4.25,9.93,100.955,30.00
İzmir,Selçuk,16.82,22.16,11.67,61.50,60.83,4.33,9.74,101.066,21.00
İzmir,Tire,16.17,22.41,9.73,59.17,51.67,4.50,9.78,100.195,92.00
İzmir,Torbalı,17.01,22.78,11.16,61.58,67.33,4.92,9.54,100.832,40.00
İzmir,Urla,17.18,19.86,14.58,67.75,50.42,4.25,9.93,100.709,50.00
Kahramanmaraş,Genel,14.51,19.90,9.08,57.25,47.33,4.33,9.16,93.273,679.00
Kahramanmaraş,Afşin,10.75,16.21,4.90,53.92,39.50,4.75,9.01,87.169,1234.00
Kahramanmaraş,Andırın,12.42,17.75,7.48,65.25,74.17,6.67,8.81,89.878,983.00
Kahramanmaraş,Çağlayancerit,10.18,15.27,4.61,53.83,60.92,5.58,9.09,88.314,1127.00
Kahramanmaraş,Dulkadiroğlu,14.51,19.90,9.08,57.25,47.33,4.33,9.16,93.958,619.00
Kahramanmaraş,Ekinözü,10.68,15.69,5.42,54.25,55.25,5.75,8.90,86.607,1287.00
Kahramanmaraş,Elbistan,10.88,16.18,5.38,53.25,36.33,4.58,9.03,88.217,1136.00
Kahramanmaraş,Göksun,8.78,13.91,3.33,61.00,66.58,6.17,8.66,86.018,1343.00
Kahramanmaraş,Nurhak,8.82,13.56,3.73,55.00,61.42,5.92,8.81,85.683,1375.00
Kahramanmaraş,Onikişubat,14.51,19.90,9.08,57.25,47.33,4.33,9.16,93.455,663.00
Kahramanmaraş,Pazarcık,14.11,20.08,8.15,56.33,47.25,4.42,9.36,91.348,850.00
Kahramanmaraş,Türkoğlu,16.37,21.93,11.18,58.83,62.08,5.50,8.88,95.506,485.00
Karabük,Genel,10.47,15.76,5.19,73.67,87.33,8.92,7.34,98.175,259.00
Karabük,Eflani,8.85,14.26,3.55,71.42,78.75,8.83,7.69,90.649,913.00
Karabük,Eskipazar,7.91,13.12,2.97,74.08,80.00,9.17,7.52,92.514,746.00
Karabük,Ovacık,9.69,15.01,4.45,68.75,64.17,8.00,7.96,88.551,1105.00
Karabük,Safranbolu,11.30,16.65,6.05,71.67,72.92,8.42,7.62,95.331,500.00
Karabük,Yenice,10.74,16.00,5.39,77.33,83.42,8.75,7.51,99.367,160.00
Karabük,Merkez,10.47,15.76,5.19,73.67,87.33,8.92,7.34,98.175,259.00
Karaman,Genel,13.23,18.97,7.51,50.50,28.58,4.17,9.50,89.299,1036.00
Karaman,Merkez,13.23,18.97,7.51,50.50,28.58,4.17,9.50,89.299,1036.00
Karaman,Ayrancı,11.94,17.37,6.42,46.67,30.75,4.33,9.66,88.184,1139.00
Karaman,Başyayla,8.57,13.59,3.47,54.50,45.83,4.83,8.91,85.453,1397.00
Karaman,Ermenek,13.62,18.62,8.50,56.50,39.42,3.92,9.44,86.819,1267.00
Karaman,Kazımkarabekir,12.19,17.94,6.32,49.92,29.50,3.83,9.52,89.136,1051.00
Karaman,Sarıveliler,10.19,15.05,5.21,57.42,56.58,5.83,8.77,84.356,1503.00
Kars,Genel,5.51,11.70,-0.46,68.67,65.17,8.67,7.84,81.793,1756.00
Kars,Akyaka,6.63,12.70,0.68,67.17,61.58,8.75,8.49,84.623,1477.00
Kars,Arpaçay,5.87,11.67,0.31,69.83,60.25,8.67,7.80,82.403,1695.00
Kars,Digor,4.82,10.95,-1.38,64.33,54.67,7.58,8.93,82.998,1636.00
Kars,Kağızman,7.52,12.83,2.27,60.75,64.92,8.75,8.00,81.673,1768.00
Kars,Sarıkamış,3.61,8.99,-1.63,67.33,68.08,8.50,7.77,78.749,2067.00
Kars,Selim,5.62,11.17,0.38,68.83,68.25,9.00,7.50,80.841,1852.00
Kars,Susuz,4.36,10.09,-1.01,70.67,60.25,8.67,7.80,81.803,1755.00
Kars,Merkez,5.51,11.70,-0.46,68.67,65.17,8.67,7.84,81.793,1756.00
Kastamonu,Genel,10.28,15.60,5.34,65.33,55.58,7.92,7.90,92.086,784.00
Kastamonu,Merkez,10.28,15.60,5.34,65.33,55.58,7.92,7.90,92.086,784.00
Kastamonu,Abana,10.88,13.55,7.86,76.25,87.00,8.33,8.71,101.239,7.00
Kastamonu,Ağlı,7.78,12.63,3.16,76.58,96.08,9.50,7.68,87.927,1163.00
Kastamonu,Araç,9.24,14.57,3.92,66.42,57.25,7.75,7.91,92.785,722.00
Kastamonu,Azdavay,8.94,13.87,4.20,74.58,97.50,9.17,7.73,90.660,912.00
Kastamonu,Bozkurt,10.88,13.55,7.86,76.25,111.17,8.33,8.71,100.967,29.00
Kastamonu,Çatalzeytin,11.63,14.29,8.60,75.83,85.25,8.25,8.76,101.251,6.00
Kastamonu,Cide,10.95,14.85,6.94,77.67,79.00,7.67,8.62,101.004,26.00
Kastamonu,Daday,8.80,13.84,4.12,70.08,64.17,8.33,7.72,91.114,871.00
Kastamonu,Devrekani,8.89,13.84,4.28,71.58,55.58,7.92,7.90,88.897,1073.00
Kastamonu,Doğanyurt,10.57,13.21,7.64,75.58,87.67,7.92,8.59,101.276,4.00
Kastamonu,Hanönü,10.13,14.82,5.63,72.25,98.08,10.08,7.49,95.985,444.00
Kastamonu,İhsangazi,8.32,13.48,3.32,67.33,66.25,8.17,7.80,87.296,1222.00
Kastamonu,İnebolu,10.85,13.56,7.88,76.08,88.33,8.33,8.64,97.804,290.00
Kastamonu,Küre,8.09,11.97,4.24,77.17,96.17,9.75,7.62,88.152,1142.00
Kastamonu,Pınarbaşı,9.48,14.49,4.50,75.42,78.75,8.83,7.69,93.501,659.00
Kastamonu,Şenpazar,9.83,13.73,5.88,77.25,97.50,9.17,7.73,96.737,380.00
Kastamonu,Seydiler,8.96,13.90,4.32,72.50,55.58,7.92,7.90,89.299,1036.00
Kastamonu,Taşköprü,11.29,16.52,6.32,66.17,51.75,7.50,7.94,94.717,553.00
Kastamonu,Tosya,10.78,15.41,6.44,64.75,65.50,8.17,8.26,91.170,866.00
Kayseri,Genel,10.53,16.20,4.91,56.33,47.00,6.17,8.97,89.071,1057.00
Kayseri,Akkışla,7.14,13.01,1.17,58.33,38.00,5.58,8.73,85.787,1365.00
Kayseri,Bünyan,8.12,14.05,2.09,59.33,45.92,6.25,8.73,86.238,1322.00
Kayseri,Develi,8.71,14.28,3.15,55.50,44.00,5.92,8.77,86.967,1253.00
Kayseri,Felahiye,9.05,15.16,2.77,55.58,39.67,5.42,9.28,86.270,1319.00
Kayseri,Hacılar,9.53,15.20,3.76,55.33,47.00,6.17,8.97,85.944,1350.00
Kayseri,İncesu,10.67,16.69,4.65,53.25,35.33,5.25,9.18,100.832,40.00
Kayseri,Kocasinan,10.53,16.20,4.91,56.33,47.00,6.17,8.97,89.114,1053.00
Kayseri,Melikgazi,10.53,16.20,4.91,56.33,47.00,6.17,8.97,89.038,1060.00
Kayseri,Özvatan,8.80,14.83,2.63,56.42,39.83,5.58,9.01,86.480,1299.00
Kayseri,Pınarbaşı,7.35,12.69,1.90,60.17,40.92,6.08,8.45,84.181,1520.00
Kayseri,Sarıoğlan,10.16,16.12,4.13,58.25,39.83,5.67,8.82,88.109,1146.00
Kayseri,Sarız,7.02,11.77,2.19,60.50,49.17,6.50,8.32,83.669,1570.00
Kayseri,Talas,10.31,15.95,4.70,57.50,47.00,6.17,8.97,88.088,1148.00
Kayseri,Tomarza,9.75,15.18,4.22,59.08,46.00,6.08,8.51,86.154,1330.00
Kayseri,Yahyalı,9.09,14.15,4.17,58.92,54.25,6.83,8.87,87.424,1210.00
Kayseri,Yeşilhisar,11.02,17.25,4.92,53.75,35.25,5.25,9.32,86.154,1330.00
Kilis,Genel,16.81,23.33,10.37,53.08,31.42,3.75,9.33,93.091,695.00
Kilis,Elbeyli,17.67,23.92,11.57,49.83,32.42,3.83,9.72,95.099,520.00
Kilis,Musabeyli,15.32,21.53,9.22,57.33,40.33,4.33,9.10,92.536,744.00
Kilis,Polateli,16.33,22.75,10.02,53.75,34.67,4.00,9.48,91.170,866.00
Kilis,Merkez,16.81,23.33,10.37,53.08,31.42,3.75,9.33,93.091,695.00
Kırıkkale,Genel,12.86,18.52,7.08,52.67,33.50,4.75,9.45,92.514,746.00
Kırıkkale,Merkez,12.86,18.52,7.08,52.67,33.50,4.75,9.45,92.514,746.00
Kırıkkale,Bahşili,12.86,18.52,7.08,52.67,33.50,4.75,9.45,93.227,683.00
Kırıkkale,Balışeyh,11.79,17.53,6.09,53.67,41.92,5.58,9.39,91.159,867.00
Kırıkkale,Çelebi,12.41,18.05,6.61,51.00,31.08,4.33,9.55,86.956,1254.00
Kırıkkale,Delice,13.25,19.37,7.22,53.08,39.83,5.67,9.46,93.023,701.00
Kırıkkale,Karakeçili,12.30,17.93,6.52,51.50,31.08,4.33,9.55,91.593,828.00
Kırıkkale,Keskin,11.66,17.27,5.89,51.92,33.50,4.75,9.45,88.174,1140.00
Kırıkkale,Sulakyurt,11.90,17.87,6.06,54.08,37.00,5.08,9.53,91.571,830.00
Kırıkkale,Yahşihan,13.20,18.82,7.57,53.33,33.50,4.75,9.45,92.740,726.00
Kırklareli,Genel,13.44,18.19,8.83,68.92,53.33,5.83,8.21,98.366,243.00
Kırklareli,Babaeski,14.47,19.62,9.39,66.50,50.00,5.08,8.57,100.586,60.00
Kırklareli,Demirköy,12.19,15.43,8.92,75.00,64.75,6.83,7.58,97.804,290.00
Kırklareli,Kofçaz,11.97,16.35,7.77,71.92,68.92,7.55,7.55,95.856,455.00
Kırklareli,Lüleburgaz,14.26,19.23,9.42,67.50,48.42,5.08,8.52,100.955,30.00
Kırklareli,Pehlivanköy,14.53,19.77,9.35,66.25,56.25,5.42,8.38,101.017,25.00
Kırklareli,Pınarhisar,13.38,17.96,8.95,70.75,58.83,6.33,7.90,98.847,203.00
Kırklareli,Vize,13.05,16.81,9.33,74.08,57.83,6.17,8.02,99.270,168.00
Kırklareli,Merkez,13.44,18.19,8.83,68.92,53.33,5.83,8.21,98.366,243.00
Kırşehir,Genel,11.67,17.35,5.90,52.58,36.00,5.25,9.43,89.780,992.00
Kırşehir,Merkez,11.67,17.35,5.90,52.58,36.00,5.25,9.43,89.780,992.00
Kırşehir,Akçakent,10.38,16.16,4.64,53.92,34.25,4.75,9.53,85.620,1381.00
Kırşehir,Akpınar,11.33,16.89,5.68,53.58,43.83,5.75,9.44,86.154,1330.00
Kırşehir,Boztepe,11.67,17.28,6.07,53.75,36.00,5.25,9.43,87.959,1160.00
Kırşehir,Çiçekdağı,11.46,17.51,5.42,53.42,40.08,5.42,9.35,90.417,934.00
Kırşehir,Kaman,11.45,17.04,5.62,52.83,32.58,4.67,9.52,88.875,1075.00
Kırşehir,Mucur,11.27,17.13,5.41,52.00,29.08,4.42,9.52,88.605,1100.00
Kocaeli,Genel,14.03,18.59,9.79,77.67,82.42,8.42,7.32,100.366,78.00
Kocaeli,Başiskele,13.03,17.64,8.78,77.42,82.42,8.42,7.32,101.276,4.00
Kocaeli,Çayırova,14.96,18.72,11.36,74.25,60.17,6.75,8.01,100.550,63.00
Kocaeli,Darıca,14.96,18.72,11.36,74.25,60.17,6.75,8.01,100.133,97.00
Kocaeli,Derince,14.00,18.48,9.77,77.17,74.50,7.92,7.69,100.550,63.00
Kocaeli,Dilovası,14.48,18.82,10.42,74.25,60.17,6.75,8.01,101.263,5.00
Kocaeli,Gebze,14.96,18.72,11.36,74.25,60.17,6.75,8.01,99.246,170.00
Kocaeli,Gölcük,12.80,17.43,8.53,76.75,74.50,7.92,7.69,101.226,8.00
Kocaeli,Kandıra,14.34,18.30,10.59,73.50,71.92,7.58,7.67,100.097,100.00
Kocaeli,Karamürsel,13.83,18.60,9.38,73.50,60.17,6.75,8.01,101.202,10.00
Kocaeli,Kartepe,12.72,17.40,8.51,77.42,82.42,8.42,7.32,100.109,99.00
Kocaeli,Körfez,14.00,18.48,9.77,77.17,74.50,7.92,7.69,100.746,47.00
Kocaeli,Merkez,14.03,18.59,9.79,77.67,82.42,8.42,7.32,100.366,78.00
Konya,Genel,12.20,18.17,6.12,51.58,27.17,4.17,9.58,89.375,1029.00
Konya,Ahırlı,10.29,15.52,5.29,59.25,52.42,6.08,8.86,87.307,1221.00
Konya,Akören,11.89,18.25,5.38,52.83,32.08,4.50,9.19,88.518,1108.00
Konya,Akşehir,10.87,16.27,5.67,58.17,42.33,5.58,8.81,89.419,1025.00
Konya,Altınekin,12.37,18.33,6.35,50.83,26.33,4.08,9.69,89.637,1005.00
Konya,Beyşehir,12.03,16.32,7.92,62.33,36.42,4.75,8.77,88.281,1130.00
Konya,Bozkır,10.93,16.34,5.70,58.50,41.08,5.08,9.16,88.163,1141.00
Konya,Çeltik,12.05,18.23,5.77,53.75,34.33,4.83,9.26,91.314,853.00
Konya,Cihanbeyli,12.70,18.23,7.13,52.42,27.33,4.25,9.73,90.021,970.00
Konya,Çumra,13.11,19.39,6.67,47.75,23.58,3.67,9.67,89.528,1015.00
Konya,Derbent,9.63,14.70,4.72,57.42,39.00,5.58,8.83,84.294,1509.00
Konya,Derebucak,9.59,14.57,4.69,62.83,64.50,6.17,8.56,87.360,1216.00
Konya,Doğanhisar,9.75,15.07,4.52,57.75,35.08,4.92,9.03,87.542,1199.00
Konya,Emirgazi,13.00,18.42,7.35,47.42,25.67,3.92,9.88,88.691,1092.00
Konya,Ereğli,12.53,18.30,6.73,46.67,28.00,4.00,9.81,89.136,1051.00
Konya,Güneysınır,11.68,17.95,5.17,49.83,28.42,3.92,9.55,88.572,1103.00
Konya,Hadim,9.78,15.01,4.62,56.42,50.50,6.08,8.82,83.955,1542.00
Konya,Halkapınar,8.58,13.13,4.12,51.75,39.33,4.83,9.58,87.723,1182.00
Konya,Hüyük,10.00,14.97,5.17,59.42,42.67,5.67,8.61,87.031,1247.00
Konya,Ilgın,11.55,17.35,5.82,56.67,33.83,4.83,9.18,89.354,1031.00
Konya,Kadınhanı,11.21,16.77,5.63,55.17,36.08,5.17,9.41,88.249,1133.00
Konya,Karapınar,13.56,19.19,7.89,48.33,25.83,4.17,9.74,89.801,990.00
Konya,Karatay,12.20,18.17,6.12,51.58,27.17,4.17,9.58,89.605,1008.00
Konya,Kulu,12.17,17.69,6.53,52.33,31.33,4.50,9.73,89.725,997.00
Konya,Meram,11.57,17.45,5.59,52.92,27.17,4.17,9.58,89.212,1044.00
Konya,Sarayönü,12.09,17.97,6.24,52.58,29.25,4.33,9.63,89.006,1063.00
Konya,Selçuklu,12.20,18.17,6.12,51.58,33.83,5.17,9.50,89.201,1045.00
Konya,Seydişehir,10.08,15.31,5.08,61.08,45.08,5.33,8.69,88.314,1127.00
Konya,Taşkent,8.58,13.44,3.76,57.08,50.50,6.08,8.82,84.768,1463.00
Konya,Tuzlukçu,12.29,17.93,6.86,56.50,32.75,4.75,9.16,89.758,994.00
Konya,Yalıhüyük,11.38,16.78,6.21,59.17,52.42,5.75,8.86,88.659,1095.00
Konya,Yunak,11.58,17.45,5.77,54.33,31.25,4.67,9.22,89.354,1031.00
Kütahya,Genel,10.23,16.06,4.88,61.83,46.08,6.08,8.21,90.307,944.00
Kütahya,Altıntaş,10.92,16.92,5.27,59.00,44.00,5.83,8.63,89.103,1054.00
Kütahya,Aslanapa,10.63,16.54,5.05,60.00,42.17,5.75,8.55,89.375,1029.00
Kütahya,Çavdarhisar,10.67,16.50,5.15,61.08,48.58,5.92,8.53,89.670,1002.00
Kütahya,Domaniç,9.77,15.35,4.38,66.33,48.08,6.33,8.22,91.181,865.00
Kütahya,Dumlupınar,10.41,16.23,4.85,59.50,47.00,5.67,8.80,87.158,1235.00
Kütahya,Emet,10.63,16.32,5.02,61.58,54.25,6.25,8.57,91.014,880.00
Kütahya,Gediz,12.18,17.92,6.53,58.75,48.00,5.58,8.81,92.322,763.00
Kütahya,Hisarcık,10.86,16.49,5.33,61.83,54.25,6.25,8.57,92.536,744.00
Kütahya,Pazarlar,11.34,16.33,5.54,58.17,48.42,5.58,9.08,90.549,922.00
Kütahya,Şaphane,11.52,17.19,5.79,58.50,48.92,5.67,9.00,89.692,1000.00
Kütahya,Simav,11.43,16.98,5.96,60.58,48.42,5.58,9.08,91.482,838.00
Kütahya,Tavşanlı,10.60,16.62,4.62,62.17,45.25,5.67,8.52,91.459,840.00
Kütahya,Merkez,10.23,16.06,4.88,61.83,46.08,6.08,8.21,90.307,944.00
Malatya,Genel,14.42,19.70,8.97,46.92,52.92,5.58,9.41,90.230,951.00
Malatya,Merkez,14.42,19.70,8.97,46.92,52.92,5.58,9.41,90.230,951.00
Malatya,Akçadağ,11.99,17.60,5.81,52.00,51.42,5.75,9.26,89.071,1057.00
Malatya,Arapgir,10.68,15.66,5.24,54.25,54.50,5.92,9.17,88.013,1155.00
Malatya,Arguvan,12.65,18.18,6.41,51.75,34.42,4.75,9.58,87.787,1176.00
Malatya,Battalgazi,11.62,16.68,6.34,48.08,52.92,5.58,9.41,89.495,1018.00
Malatya,Darende,9.80,15.43,3.61,57.33,35.17,5.08,8.92,89.092,1055.00
Malatya,Doğanşehir,10.11,14.91,4.81,55.42,62.67,5.83,9.10,87.328,1219.00
Malatya,Doğanyol,13.03,17.48,8.22,51.67,59.58,5.75,9.12,90.693,909.00
Malatya,Hekimhan,10.01,15.57,3.86,53.33,36.83,5.08,9.46,88.735,1088.00
Malatya,Kale,13.64,18.17,8.88,51.42,44.17,5.17,9.34,92.581,740.00
Malatya,Kuluncak,9.15,14.72,3.28,56.25,38.92,5.50,8.80,86.893,1260.00
Malatya,Pütürge,12.30,16.84,7.20,50.83,55.17,5.67,9.22,86.999,1250.00
Malatya,Yazıhan,14.02,19.77,7.62,48.75,31.92,4.25,9.73,91.604,827.00
Malatya,Yeşilyurt,14.42,19.70,8.97,46.92,52.92,5.58,9.41,89.692,1000.00
Manisa,Genel,15.27,21.02,9.86,62.50,62.00,5.00,9.21,100.390,76.00
Manisa,Ahmetli,15.84,21.47,10.49,60.83,58.17,5.67,9.21,100.341,80.00
Manisa,Akhisar,16.16,22.37,10.00,59.92,40.08,4.42,9.13,100.024,106.00
Manisa,Alaşehir,15.82,21.37,10.50,56.00,46.83,5.08,9.38,98.835,204.00
Manisa,Demirci,12.02,17.68,6.47,61.33,49.17,5.58,9.11,90.472,929.00
Manisa,Gölmarmara,15.75,21.66,10.17,58.67,40.58,4.50,9.42,100.072,102.00
Manisa,Gördes,14.46,20.38,8.71,59.75,46.67,5.33,9.25,93.649,646.00
Manisa,Kırkağaç,14.71,20.34,9.40,64.58,40.08,4.42,9.13,99.028,188.00
Manisa,Köprübaşı,14.61,20.63,8.65,57.00,37.17,4.50,9.48,98.354,244.00
Manisa,Kula,14.11,20.22,7.99,54.08,38.25,4.33,9.49,93.432,665.00
Manisa,Salihli,16.49,21.96,11.36,59.58,54.67,5.58,9.28,99.902,116.00
Manisa,Sarıgöl,15.84,21.52,10.28,54.75,41.08,4.75,9.49,98.703,215.00
Manisa,Saruhanlı,16.29,22.12,10.87,60.25,53.25,4.75,9.08,100.869,37.00
Manisa,Şehzadeler,15.27,21.02,9.84,62.50,62.00,5.00,9.21,100.451,71.00
Manisa,Selendi,14.53,20.94,7.82,53.08,37.17,4.67,9.51,95.985,444.00
Manisa,Soma,14.12,19.50,9.08,67.25,60.33,5.25,8.31,99.210,173.00
Manisa,Turgutlu,16.35,22.01,10.88,60.83,55.42,4.92,9.28,100.366,78.00
Manisa,Yunusemre,15.27,21.02,9.84,62.50,62.00,5.00,9.21,99.902,116.00
Mardin,Genel,16.82,22.90,10.19,46.00,36.00,4.00,9.94,90.970,884.00
Mardin,Artuklu,16.82,22.90,10.19,46.00,36.00,3.83,9.94,88.995,1064.00
Mardin,Dargeçit,15.78,21.40,9.75,50.25,60.50,5.42,9.72,90.804,899.00
Mardin,Derik,15.48,21.51,9.08,45.75,32.42,3.67,10.01,91.482,838.00
Mardin,Kızıltepe,18.53,24.52,12.16,44.92,33.83,3.83,9.96,95.354,498.00
Mardin,Mazıdağı,14.93,20.66,8.98,47.00,46.42,4.83,9.75,89.364,1030.00
Mardin,Midyat,16.49,22.08,10.67,46.92,56.75,5.58,9.66,90.208,953.00
Mardin,Nusaybin,18.57,24.78,11.93,44.08,34.25,3.42,10.13,95.669,471.00
Mardin,Ömerli,15.73,21.08,10.22,46.83,51.67,5.25,9.72,88.735,1088.00
Mardin,Savur,15.06,20.30,9.77,48.17,51.67,5.25,9.72,91.415,844.00
Mardin,Yeşilli,16.68,22.70,10.17,45.75,36.00,3.83,9.94,91.940,797.00
Mersin,Genel,15.97,20.21,11.41,68.17,45.00,3.75,9.53,101.103,18.00
Mersin,Akdeniz,15.97,20.21,11.41,68.17,45.00,3.75,9.53,101.239,7.00
Mersin,Anamur,18.96,22.69,14.89,67.17,71.33,5.50,9.53,100.881,36.00
Mersin,Aydıncık,17.98,21.18,14.73,63.58,58.25,5.33,9.72,100.500,67.00
Mersin,Bozyazı,16.75,21.20,12.39,60.25,52.08,3.83,9.94,101.251,6.00
Mersin,Çamlıyayla,10.82,15.56,5.68,66.00,102.17,9.50,8.61,87.948,1161.00
Mersin,Erdemli,16.12,19.57,12.45,72.17,54.17,6.00,9.49,101.251,6.00
Mersin,Gülnar,15.16,19.32,11.05,60.08,40.83,3.50,9.89,89.561,1012.00
Mersin,Mezitli,18.09,21.10,14.51,70.42,63.00,7.42,9.13,101.127,16.00
Mersin,Mut,18.08,24.03,11.86,51.58,41.00,4.25,9.57,97.518,314.00
Mersin,Silifke,17.88,22.27,13.53,63.67,56.75,6.00,9.32,101.090,19.00
Mersin,Tarsus,18.35,22.99,13.72,64.00,46.33,4.50,9.39,101.041,23.00
Mersin,Toroslar,15.97,20.21,11.41,68.17,45.00,3.75,9.53,100.427,73.00
Mersin,Yenişehir,15.97,20.21,11.41,68.17,63.00,7.42,9.13,99.428,155.00
Muğla,Genel,14.11,19.48,8.88,59.50,86.75,5.92,9.31,93.580,652.00
Muğla,Bodrum,18.36,20.32,16.20,69.08,81.67,4.58,10.10,101.103,18.00
Muğla,Dalaman,18.30,22.64,13.68,63.25,85.83,5.00,9.72,101.152,14.00
Muğla,Datça,19.13,19.98,18.27,73.08,81.58,4.50,10.13,101.189,11.00
Muğla,Fethiye,16.43,21.23,11.15,63.17,79.83,4.33,10.07,101.239,7.00
Muğla,Kavaklıdere,13.29,18.68,8.01,57.08,68.33,5.42,9.52,90.793,900.00
Muğla,Köyceğiz,16.43,21.93,10.98,59.50,71.75,5.08,9.72,101.152,14.00
Muğla,Marmaris,18.09,21.58,14.50,64.50,92.17,4.75,10.04,101.239,7.00
Muğla,Menteşe,14.11,19.48,8.88,59.50,86.75,5.92,9.31,93.535,656.00
Muğla,Milas,17.60,22.70,12.43,61.58,68.25,4.83,9.74,100.586,60.00
Muğla,Ortaca,18.54,22.43,14.29,64.92,85.83,5.00,10.00,101.029,24.00
Muğla,Seydikemer,15.54,21.47,9.38,59.92,55.42,5.08,9.82,99.816,123.00
Muğla,Ula,16.68,21.77,11.43,60.83,72.08,4.92,9.77,94.176,600.00
Muğla,Yatağan,15.93,21.30,9.75,59.67,86.75,5.92,9.31,96.819,373.00
Muş,Genel,8.32,13.28,3.21,58.50,90.67,7.42,8.88,86.270,1319.00
Muş,Bulanık,9.74,15.30,4.28,56.08,50.92,6.33,9.09,84.171,1521.00
Muş,Hasköy,10.35,15.42,5.25,58.00,71.92,6.43,9.01,86.639,1284.00
Muş,Korkut,11.17,16.42,5.96,58.00,71.92,6.67,9.01,86.470,1300.00
Muş,Malazgirt,9.74,15.65,3.77,56.33,42.08,5.75,9.52,84.078,1530.00
Muş,Varto,7.10,12.74,0.62,57.92,60.83,6.67,8.84,84.191,1519.00
Muş,Merkez,8.32,13.28,3.21,58.50,90.67,7.42,8.88,86.270,1319.00
Nevşehir,Genel,10.50,16.95,3.77,52.58,37.92,5.25,9.47,87.158,1235.00
Nevşehir,Merkez,10.50,16.95,3.77,52.58,37.92,5.25,9.47,87.158,1235.00
Nevşehir,Acıgöl,10.17,16.23,3.97,51.92,37.33,5.17,9.43,87.094,1241.00
Nevşehir,Avanos,11.83,18.35,5.05,53.25,36.00,5.08,9.50,90.120,961.00
Nevşehir,Derinkuyu,9.85,16.07,3.46,54.25,42.25,5.67,9.32,85.955,1349.00
Nevşehir,Gülşehir,11.85,18.33,5.07,52.08,29.50,4.50,9.58,90.638,914.00
Nevşehir,Hacıbektaş,11.13,17.41,4.65,51.83,29.08,4.42,9.52,86.734,1275.00
Nevşehir,Kozaklı,11.28,17.60,4.93,54.17,35.75,5.08,9.40,86.734,1275.00
Nevşehir,Ürgüp,10.00,16.34,3.48,53.17,36.33,5.17,9.45,89.223,1043.00
Niğde,Genel,9.09,14.24,4.05,55.42,42.75,5.83,9.18,87.062,1244.00
Niğde,Altunhisar,9.83,15.14,4.26,52.08,40.33,5.58,9.42,87.339,1218.00
Niğde,Bor,11.19,16.98,4.88,52.83,29.75,4.42,9.54,88.335,1125.00
Niğde,Çamardı,7.25,11.63,2.97,59.00,56.75,6.67,8.57,83.966,1541.00
Niğde,Çiftlik,7.89,13.27,2.54,54.17,45.92,6.25,9.21,83.853,1552.00
Niğde,Ulukışla,8.43,13.00,3.84,55.33,57.17,6.67,9.09,85.141,1427.00
Niğde,Merkez,9.09,14.24,4.05,55.42,42.75,5.83,9.18,87.062,1244.00
Ordu,Genel,12.38,16.10,8.71,79.17,112.67,10.42,7.25,101.189,11.00
Ordu,Akkuş,8.41,12.97,4.28,78.08,99.08,10.58,6.72,86.903,1259.00
Ordu,Altınordu,12.38,16.10,8.71,79.17,112.67,10.42,7.25,101.189,11.00
Ordu,Aybastı,8.92,13.58,4.64,79.08,119.67,11.17,6.36,91.862,804.00
Ordu,Çamaş,10.96,15.00,7.06,79.75,112.00,10.75,7.19,94.452,576.00
Ordu,Çatalpınar,13.44,16.38,10.44,78.50,110.58,10.75,7.17,100.513,66.00
Ordu,Çaybaşı,11.20,15.13,7.51,80.25,106.50,10.50,6.87,95.006,528.00
Ordu,Fatsa,12.35,15.58,9.09,79.08,112.00,10.75,7.19,101.214,9.00
Ordu,Gölköy,8.51,12.97,4.37,79.17,119.67,11.17,6.36,91.638,824.00
Ordu,Gülyalı,12.33,15.66,9.12,80.42,112.67,10.42,7.25,101.189,11.00
Ordu,Gürgentepe,9.80,14.09,5.77,79.33,119.67,11.17,6.36,87.488,1204.00
Ordu,İkizce,13.15,16.66,9.73,79.00,106.50,10.50,6.87,94.521,570.00
Ordu,Kabadüz,12.38,16.10,8.71,79.17,135.08,12.25,6.20,95.413,493.00
Ordu,Kabataş,10.30,14.83,6.02,80.08,119.67,11.17,6.36,95.343,499.00
Ordu,Korgan,9.85,14.38,5.58,79.75,117.83,11.17,6.38,92.457,751.00
Ordu,Kumru,10.78,14.98,6.84,80.25,117.83,11.17,6.38,93.969,618.00
Ordu,Mesudiye,6.27,11.00,1.90,76.83,93.33,10.33,6.59,88.411,1118.00
Ordu,Perşembe,12.49,15.62,9.22,78.58,101.83,9.75,7.25,101.325,0.00
Ordu,Ulubey,11.82,15.71,8.03,78.67,114.83,11.08,6.46,94.810,545.00
Ordu,Ünye,13.44,16.38,10.44,78.50,77.08,8.33,8.18,101.202,10.00
Osmaniye,Genel,17.62,22.73,13.07,67.92,69.75,6.25,8.77,99.756,128.00
Osmaniye,Bahçe,14.03,19.40,9.17,64.00,68.17,6.33,8.61,93.981,617.00
Osmaniye,Düziçi,15.05,20.54,10.05,64.33,68.17,6.33,8.61,96.442,405.00
Osmaniye,Hasanbeyli,15.05,20.37,10.27,64.33,68.17,6.33,8.61,92.255,769.00
Osmaniye,Kadirli,16.80,22.73,11.42,63.67,61.33,5.75,8.97,100.317,82.00
Osmaniye,Sumbas,16.79,22.57,11.59,61.83,77.42,6.58,9.08,99.865,119.00
Osmaniye,Merkez,17.62,22.73,13.07,67.92,69.75,6.25,8.77,99.756,128.00
Rize,Genel,12.54,15.42,9.41,79.92,165.75,12.67,6.73,100.980,28.00
Rize,Merkez,12.54,15.42,9.41,79.92,165.75,12.67,6.73,100.980,28.00
Rize,Ardeşen,11.88,15.07,8.64,81.33,175.83,12.00,6.73,101.177,12.00
Rize,Çamlıhemşin,8.27,11.88,4.83,81.92,182.67,14.08,6.09,96.678,385.00
Rize,Çayeli,12.63,15.22,9.71,78.83,203.33,13.50,6.14,100.599,59.00
Rize,Derepazarı,13.06,15.98,9.91,80.25,165.75,12.67,6.73,100.574,61.00
Rize,Fındıklı,10.69,14.22,7.28,80.92,165.75,12.67,6.73,98.175,259.00
Rize,Güneysu,11.52,14.46,8.40,79.75,165.75,12.67,6.73,99.428,155.00
Rize,Hemşin,9.47,12.93,6.03,81.17,171.00,14.08,6.09,96.301,417.00
Rize,İkizdere,6.92,10.84,3.21,80.50,160.50,13.33,5.81,89.692,1000.00
Rize,İyidere,13.06,15.98,9.91,80.25,168.33,12.00,6.92,100.195,92.00
Rize,Kalkandere,11.81,15.24,8.44,81.25,165.75,12.67,6.73,99.513,148.00
Rize,Pazar,12.48,15.35,9.42,80.33,175.83,12.00,6.73,101.288,3.00
Sakarya,Genel,13.96,18.98,9.15,77.50,79.00,8.00,7.25,100.930,32.00
Sakarya,Akyazı,13.28,18.50,8.25,77.58,79.00,8.00,7.25,100.746,47.00
Sakarya,Arifiye,12.97,18.04,8.22,77.00,82.25,8.17,7.18,100.869,37.00
Sakarya,Erenler,13.96,18.98,9.15,77.50,79.00,8.00,7.25,100.918,33.00
Sakarya,Ferizli,13.53,18.24,9.00,77.33,71.67,7.50,7.68,100.807,42.00
Sakarya,Geyve,12.22,17.33,7.55,73.92,70.25,7.83,7.17,100.280,85.00
Sakarya,Hendek,12.91,17.87,8.04,78.33,83.33,8.58,7.30,99.149,178.00
Sakarya,Karapürçek,10.94,16.12,6.14,76.33,79.00,8.00,7.25,99.610,140.00
Sakarya,Karasu,14.13,16.92,11.14,78.42,79.42,7.83,7.83,101.263,5.00
Sakarya,Kaynarca,13.72,17.98,9.73,75.25,71.92,7.58,7.67,100.415,74.00
Sakarya,Kocaali,12.37,15.75,8.82,79.17,79.42,7.83,7.83,101.152,14.00
Sakarya,Pamukova,12.77,17.78,8.19,73.83,70.25,7.83,7.17,100.207,91.00
Sakarya,Sapanca,12.83,17.41,8.62,77.08,82.25,8.17,7.18,100.881,36.00
Sakarya,Serdivan,13.96,18.98,9.15,77.50,82.25,8.17,7.18,101.004,26.00
Sakarya,Söğütlü,13.53,18.24,9.00,77.33,71.67,7.50,7.68,101.090,19.00
Sakarya,Taraklı,11.03,16.44,6.02,71.17,67.75,7.83,7.37,95.996,443.00
Sakarya,Adapazarı,13.96,18.98,9.15,77.50,79.00,8.00,7.25,100.930,32.00
Samsun,Genel,13.13,16.77,9.50,78.08,78.00,8.67,7.67,100.881,36.00
Samsun,Alaçam,12.00,16.47,7.82,76.67,61.33,7.33,8.11,93.637,647.00
Samsun,Asarcık,10.07,14.77,5.68,78.08,98.33,9.83,6.94,92.086,784.00
Samsun,Atakum,13.13,16.77,9.50,78.08,78.00,8.67,7.67,101.066,21.00
Samsun,Ayvacık,11.09,15.91,6.51,77.83,86.00,9.42,6.90,99.731,130.00
Samsun,Bafra,14.24,17.23,11.21,76.33,61.33,7.33,8.11,101.017,25.00
Samsun,Canik,12.36,16.53,8.40,77.83,78.00,8.67,7.67,100.341,80.00
Samsun,Çarşamba,13.79,18.02,9.63,76.00,65.42,7.75,7.79,101.017,25.00
Samsun,Havza,10.60,16.04,5.88,72.75,59.92,7.50,7.23,93.580,652.00
Samsun,İlkadım,13.13,16.77,9.50,78.08,78.00,8.67,7.92,100.390,76.00
Samsun,Kavak,10.47,15.39,5.94,77.00,77.50,9.00,7.04,94.176,600.00
Samsun,Ladik,8.43,13.25,4.08,73.67,76.67,9.00,7.04,90.241,950.00
Samsun,19-Mayıs,13.61,17.04,10.22,76.33,61.33,7.33,8.11,101.164,13.00
Samsun,Salıpazarı,12.88,17.38,8.49,77.17,86.00,9.42,6.90,100.231,89.00
Samsun,Tekkeköy,10.78,14.98,6.84,80.25,110.58,10.75,7.17,98.402,240.00
Samsun,Terme,10.07,14.77,5.68,78.08,98.33,9.83,6.94,101.202,10.00
Samsun,Vezirköprü,10.46,15.96,5.70,72.75,61.50,7.58,7.17,97.210,340.00
Samsun,Yakakent,11.74,14.90,7.91,76.50,63.00,7.58,8.49,101.164,13.00
Şanlıurfa,Genel,17.67,23.38,11.63,48.50,43.17,4.42,9.78,94.833,543.00
Şanlıurfa,Akçakale,19.53,25.96,13.02,43.50,24.42,3.25,10.18,97.020,356.00
Şanlıurfa,Birecik,18.65,24.88,12.06,48.17,26.75,3.08,9.96,97.174,343.00
Şanlıurfa,Bozova,17.93,23.32,12.43,53.33,42.00,4.33,9.63,94.406,580.00
Şanlıurfa,Ceylanpınar,19.64,25.77,13.26,42.50,25.08,3.08,10.24,96.949,362.00
Şanlıurfa,Eyyübiye,17.67,23.38,11.63,48.50,43.17,4.42,9.78,94.983,530.00
Şanlıurfa,Halfeti,17.18,23.38,10.73,50.75,46.92,4.58,9.66,96.454,404.00
Şanlıurfa,Haliliye,17.67,23.38,11.63,48.50,43.17,4.42,9.78,95.320,501.00
Şanlıurfa,Harran,19.53,25.86,12.91,42.58,24.42,3.25,10.18,96.926,364.00
Şanlıurfa,Hilvan,16.88,22.93,10.66,50.58,50.58,4.67,9.87,94.279,591.00
Şanlıurfa,Karaköprü,17.67,23.38,11.63,48.50,43.17,4.42,9.78,94.440,577.00
Şanlıurfa,Siverek,15.37,21.10,9.11,48.25,51.42,4.58,9.78,92.109,782.00
Şanlıurfa,Suruç,18.57,24.43,12.49,46.33,29.42,3.67,9.96,94.902,537.00
Şanlıurfa,Viranşehir,18.60,24.36,12.71,41.67,35.83,3.83,9.98,93.946,620.00
Siirt,Genel,15.13,20.84,8.10,50.92,66.83,5.33,9.77,90.948,886.00
Siirt,Baykan,13.16,18.75,6.39,51.17,88.58,6.50,9.36,92.480,749.00
Siirt,Eruh,12.13,17.42,5.53,48.92,88.42,6.50,9.59,87.713,1183.00
Siirt,Kurtalan,15.31,20.96,9.12,49.17,67.75,5.33,9.86,93.102,694.00
Siirt,Pervari,8.77,14.03,2.33,53.67,75.42,6.58,9.24,85.630,1380.00
Siirt,Şirvan,13.19,19.11,5.82,50.25,66.83,5.33,9.77,89.823,988.00
Siirt,Tillo,14.66,20.51,7.34,50.50,66.83,5.33,9.77,87.905,1165.00
Siirt,Merkez,15.13,20.84,8.10,50.92,66.83,5.33,9.77,90.948,886.00
Sinop,Genel,13.76,17.48,10.00,76.00,56.17,7.00,8.70,101.004,26.00
Sinop,Merkez,13.76,17.48,10.00,76.00,56.17,7.00,8.70,101.004,26.00
Sinop,Ayancık,12.41,15.59,9.03,77.17,84.58,8.17,8.74,101.090,19.00
Sinop,Boyabat,12.63,17.76,7.78,68.33,53.67,7.50,7.89,97.554,311.00
Sinop,Dikmen,10.71,15.26,6.32,75.33,67.92,8.08,7.98,99.016,189.00
Sinop,Durağan,11.47,16.71,6.63,70.67,48.67,7.08,7.92,98.426,238.00
Sinop,Erfelek,12.52,16.73,8.35,75.25,59.50,7.25,8.38,99.065,185.00
Sinop,Gerze,11.21,15.82,6.70,75.83,67.92,8.08,7.98,100.844,39.00
Sinop,Saraydüzü,10.73,15.91,5.88,66.00,64.83,7.67,8.03,96.313,416.00
Sinop,Türkeli,12.09,14.80,8.94,76.00,85.25,8.25,8.76,101.127,16.00
Şırnak,Genel,13.02,18.74,5.84,48.08,67.17,5.42,9.69,85.339,1408.00
Şırnak,Beytüşşebap,16.67,22.72,9.58,48.33,64.08,5.17,9.75,81.852,1750.00
Şırnak,Cizre,18.26,24.81,10.72,47.92,53.42,4.33,10.03,96.807,374.00
Şırnak,Güçlükonak,16.75,22.44,10.36,48.83,60.25,5.08,9.74,92.086,784.00
Şırnak,İdil,16.93,23.03,10.22,47.25,56.08,4.42,9.92,91.225,861.00
Şırnak,Silopi,17.48,24.26,9.62,47.17,52.00,4.25,10.03,95.273,505.00
Şırnak,Uludere,8.98,14.72,2.05,51.42,73.92,5.67,9.54,83.567,1580.00
Şırnak,Merkez,13.02,18.74,5.84,48.08,67.17,5.42,9.69,85.339,1408.00
Sivas,Genel,8.15,14.08,2.59,62.08,38.92,5.67,8.36,86.597,1288.00
Sivas,Merkez,8.15,14.08,2.59,62.08,38.92,5.67,8.36,86.597,1288.00
Sivas,Akıncılar,7.92,13.08,2.86,68.00,80.67,8.33,7.60,89.332,1033.00
Sivas,Altınyayla,7.38,13.27,1.48,60.50,36.58,5.67,8.53,84.778,1462.00
Sivas,Divriği,9.68,14.80,4.63,59.08,62.08,7.00,8.39,88.886,1074.00
Sivas,Doğanşar,6.13,11.29,1.30,72.17,67.50,8.17,7.01,86.438,1303.00
Sivas,Gemerek,10.03,15.97,4.17,58.42,41.92,6.08,8.72,87.616,1192.00
Sivas,Gölova,6.86,12.25,1.30,65.67,64.00,7.50,7.67,86.259,1320.00
Sivas,Gürün,7.64,13.33,1.48,59.00,37.42,5.33,8.63,86.249,1321.00
Sivas,Hafik,7.81,13.37,2.60,67.25,39.67,5.67,8.26,86.586,1289.00
Sivas,İmranlı,6.84,11.97,1.93,67.58,78.08,8.17,7.61,88.681,1093.00
Sivas,Kangal,7.53,13.20,1.81,61.17,39.83,5.83,8.41,83.976,1540.00
Sivas,Koyulhisar,7.49,12.38,2.90,71.33,65.42,7.92,7.15,90.351,940.00
Sivas,Şarkışla,8.88,14.77,3.21,60.67,35.17,5.42,8.65,87.105,1240.00
Sivas,Suşehri,8.35,13.26,3.64,70.00,69.08,8.17,7.26,90.241,950.00
Sivas,Ulaş,7.85,13.82,1.92,62.00,44.58,6.42,8.53,85.630,1380.00
Sivas,Yıldızeli,7.41,12.99,2.07,66.42,45.75,6.25,8.22,85.422,1400.00
Sivas,Zara,7.85,13.15,2.83,68.17,68.00,7.58,7.57,85.944,1350.00
Tekirdağ,Genel,14.46,18.43,10.57,70.67,51.58,5.25,8.45,100.930,32.00
Tekirdağ,Çerkezköy,13.87,17.73,10.14,72.58,52.58,5.75,8.17,99.331,163.00
Tekirdağ,Çorlu,14.12,18.53,9.88,69.75,50.58,5.33,8.31,99.210,173.00
Tekirdağ,Ergene,14.12,18.53,9.88,69.75,50.58,5.33,8.31,99.683,134.00
Tekirdağ,Hayrabolu,14.43,19.59,9.36,67.50,56.25,5.42,8.38,100.574,61.00
Tekirdağ,Kapaklı,13.87,17.73,10.14,72.58,52.58,5.75,8.17,99.137,179.00
Tekirdağ,Malkara,14.58,18.44,10.04,67.42,57.83,5.67,8.37,98.282,250.00
Tekirdağ,Marmaraereğlisi,14.93,17.68,12.12,72.33,46.08,5.08,8.46,101.276,4.00
Tekirdağ,Muratlı,14.18,19.03,9.49,68.25,52.42,5.67,8.30,100.195,92.00
Tekirdağ,Saray,13.71,17.80,9.73,73.08,60.42,6.75,7.81,99.294,166.00
Tekirdağ,Şarköy,14.52,17.87,11.29,71.08,51.42,5.00,8.21,101.177,12.00
Tekirdağ,Süleymanpaşa,14.46,18.43,10.57,70.67,50.75,5.25,8.45,100.869,37.00
Tokat,Genel,9.26,15.03,3.85,69.83,64.83,7.42,7.68,94.130,604.00
Tokat,Almus,9.44,14.86,4.47,71.67,73.17,8.83,7.01,91.192,864.00
Tokat,Artova,8.36,14.18,2.78,67.00,52.92,7.08,8.09,87.670,1187.00
Tokat,Başçiftlik,7.81,12.86,3.32,74.75,91.92,10.25,6.70,85.599,1383.00
Tokat,Erbaa,11.65,16.76,7.08,73.58,83.75,9.33,6.93,98.270,251.00
Tokat,Niksar,11.01,16.26,6.30,72.92,73.17,8.83,7.01,96.796,375.00
Tokat,Pazar,10.47,16.36,4.94,68.00,58.42,7.00,7.89,94.625,561.00
Tokat,Reşadiye,10.22,16.17,4.53,65.00,51.92,6.17,8.32,94.648,559.00
Tokat,Sulusaray,8.96,14.97,3.14,64.58,45.83,6.08,8.31,89.354,1031.00
Tokat,Turhal,11.79,17.50,6.48,65.75,43.33,5.75,8.08,95.413,493.00
Tokat,Yeşilyurt,8.12,13.52,3.18,70.58,61.42,7.42,7.33,90.021,970.00
Tokat,Zile,10.62,16.60,4.97,64.42,46.50,5.92,8.24,92.581,740.00
Tokat,Merkez,9.26,15.03,3.85,69.83,64.83,7.42,7.68,94.130,604.00
Trabzon,Genel,11.45,15.06,8.00,80.92,153.08,12.33,6.94,100.857,38.00
Trabzon,Akçaabat,12.08,15.02,9.06,80.08,122.17,11.75,6.85,101.226,8.00
Trabzon,Araklı,12.67,15.98,9.53,81.00,168.08,12.42,7.05,101.263,5.00
Trabzon,Arsin,12.38,15.56,9.37,80.75,168.08,12.42,7.05,100.500,67.00
Trabzon,Beşikdüzü,11.59,14.78,8.33,79.67,129.92,11.58,6.81,101.189,11.00
Trabzon,Çarşıbaşı,11.16,14.10,8.13,79.83,122.17,11.75,6.85,101.189,11.00
Trabzon,Çaykara,6.53,10.55,2.76,81.33,163.00,13.25,6.03,97.578,309.00
Trabzon,Dernekpazarı,10.28,13.91,6.78,81.75,163.00,13.25,6.03,97.971,276.00
Trabzon,Düzköy,8.42,12.49,4.50,79.75,129.92,11.58,6.81,95.308,502.00
Trabzon,Hayrat,11.81,15.24,8.44,81.25,168.33,12.00,6.92,98.558,227.00
Trabzon,Köprübaşı,10.32,13.90,6.92,81.67,183.33,13.75,5.90,98.884,200.00
Trabzon,Maçka,8.55,12.63,11.29,80.67,124.33,12.67,5.90,95.681,470.00
Trabzon,Of,12.54,15.96,9.23,81.08,168.33,12.00,6.92,101.202,10.00
Trabzon,Ortahisar,11.45,15.06,8.00,80.92,153.58,12.33,6.94,100.857,38.00
Trabzon,Şalpazarı,8.42,12.49,4.50,79.75,129.92,11.58,6.81,96.125,432.00
Trabzon,Sürmene,12.67,15.98,9.53,81.00,168.08,12.42,7.05,101.078,20.00
Trabzon,Tonya,7.80,11.85,3.92,79.92,129.92,11.58,6.81,92.694,730.00
Trabzon,Vakfıkebir,11.22,14.33,8.04,79.83,129.92,11.58,6.81,101.078,20.00
Trabzon,Yomra,12.38,15.56,9.37,80.75,153.58,12.33,6.94,101.202,10.00
Tunceli,Genel,10.01,15.60,3.73,56.25,56.00,5.33,9.24,90.428,933.00
Tunceli,Çemişgezek,10.35,15.45,4.80,55.75,46.33,5.00,9.25,89.594,1009.00
Tunceli,Hozat,8.27,13.53,2.68,56.58,50.25,5.33,9.29,84.232,1515.00
Tunceli,Mazgirt,11.64,17.32,5.26,53.33,55.17,5.33,9.24,84.934,1447.00
Tunceli,Nazımiye,8.16,13.83,1.82,57.83,79.83,6.42,8.83,84.160,1522.00
Tunceli,Ovacık,6.47,10.97,1.67,63.17,82.25,7.08,8.82,86.470,1300.00
Tunceli,Pertek,12.32,17.59,6.78,53.42,51.42,5.67,9.24,88.605,1100.00
Tunceli,Pülümür,6.73,11.60,1.63,64.17,87.83,7.50,7.89,84.099,1528.00
Tunceli,Merkez,10.01,15.60,3.73,56.25,56.00,5.33,9.24,90.428,933.00
Uşak,Genel,12.13,17.90,6.41,54.08,42.25,5.08,9.28,90.638,914.00
Uşak,Merkez,12.13,17.90,6.41,54.08,42.25,5.08,9.28,90.638,914.00
Uşak,Banaz,12.18,17.89,6.40,57.75,49.33,5.75,8.90,90.638,914.00
Uşak,Eşme,13.31,19.36,7.22,53.42,37.33,4.50,9.63,91.716,817.00
Uşak,Karahallı,13.23,19.13,7.09,53.17,36.25,4.67,9.59,91.092,873.00
Uşak,Sivaslı,11.63,17.39,5.63,55.50,46.08,5.50,9.18,90.285,946.00
Uşak,Ulubey,13.81,20.03,7.32,53.08,37.42,4.67,9.63,92.559,742.00
Van,Genel,8.45,13.32,2.59,58.83,35.92,5.67,9.20,82.464,1689.00
Van,Bahçesaray,5.03,9.84,-0.27,56.42,72.42,6.75,9.07,83.079,1628.00
Van,Başkale,4.83,10.35,-0.73,55.50,43.42,6.00,8.74,76.748,2278.00
Van,Çaldıran,6.31,12.13,0.57,63.58,61.42,8.17,8.69,78.960,2045.00
Van,Çatak,5.61,10.56,0.18,55.58,65.42,7.00,8.92,84.263,1512.00
Van,Edremit,10.04,14.42,4.88,59.67,35.92,5.67,9.20,82.907,1645.00
Van,Erciş,10.42,13.55,6.88,61.92,47.00,6.67,9.22,82.444,1691.00
Van,Gevaş,8.29,12.22,3.97,60.25,55.17,6.92,8.99,82.373,1698.00
Van,Gürpınar,7.54,12.74,1.42,58.17,43.75,6.67,9.33,81.892,1746.00
Van,İpekyolu,8.45,13.32,2.59,58.83,35.92,5.67,9.20,101.115,17.00
Van,Muradiye,6.61,11.83,1.04,61.50,43.50,7.08,8.87,82.353,1700.00
Van,Özalp,5.41,11.76,-1.77,59.17,42.67,6.75,9.00,78.432,2100.00
Van,Saray,5.08,11.19,-1.38,58.92,42.92,6.92,8.79,78.643,2078.00
Van,Tuşba,8.45,13.32,2.59,58.83,35.92,5.67,9.20,82.464,1689.00
Yalova,Genel,15.00,19.00,11.13,72.83,63.67,6.50,8.33,101.214,9.00
Yalova,Altınova,14.48,18.82,10.42,74.25,60.17,6.75,8.01,101.140,15.00
Yalova,Armutlu,15.09,18.72,11.51,72.17,56.25,6.08,8.58,101.090,19.00
Yalova,Çiftlikköy,15.00,19.00,11.13,72.83,63.67,6.50,8.33,101.288,3.00
Yalova,Çınarcık,13.80,17.04,10.65,72.58,62.92,6.33,8.63,101.140,15.00
Yalova,Termal,13.90,17.55,10.34,72.58,68.75,7.17,8.09,99.428,155.00
Yalova,Merkez,15.00,19.00,11.13,72.83,63.67,6.50,8.33,101.214,9.00
Yozgat,Genel,9.64,15.37,3.91,58.08,42.67,5.67,9.09,86.470,1300.00
Yozgat,Merkez,9.64,15.37,3.91,58.08,42.67,5.67,9.09,86.470,1300.00
Yozgat,Akdağmadeni,8.44,14.26,2.63,63.00,48.83,6.42,8.38,86.312,1315.00
Yozgat,Aydıncık,9.40,15.27,3.63,63.33,47.00,6.08,8.43,91.114,871.00
Yozgat,Boğazlıyan,10.88,17.35,4.30,54.50,34.17,5.00,9.38,88.908,1072.00
Yozgat,Çandır,11.02,16.83,5.42,64.00,51.92,6.25,8.38,91.727,816.00
Yozgat,Çayıralan,8.79,14.76,2.69,57.67,41.75,5.92,8.95,85.944,1350.00
Yozgat,Çekerek,10.37,16.37,4.58,64.33,47.83,6.33,8.35,90.815,898.00
Yozgat,Kadışehri,9.34,15.35,3.48,63.67,48.83,6.42,8.28,88.984,1065.00
Yozgat,Saraykent,9.62,15.76,3.50,58.58,36.42,5.08,8.76,88.324,1126.00
Yozgat,Sarıkaya,10.03,16.07,3.91,59.00,46.08,5.83,8.96,88.163,1141.00
Yozgat,Şefaatli,11.45,17.64,5.25,55.42,38.00,5.25,9.31,90.164,957.00
Yozgat,Sorgun,10.10,16.02,4.41,60.58,40.92,5.67,8.78,88.767,1085.00
Yozgat,Yenifakılı,11.14,17.53,4.72,54.25,34.25,5.00,9.38,89.626,1006.00
Yozgat,Yerköy,11.82,17.92,5.69,53.75,32.50,4.75,9.47,92.232,771.00
Zonguldak,Genel,12.42,15.82,8.87,77.58,76.25,7.25,8.54,101.214,9.00
Zonguldak,Alaplı,14.13,16.86,11.10,77.67,81.50,7.92,8.08,101.263,5.00
Zonguldak,Çaycuma,12.90,17.63,8.12,77.42,68.67,7.25,8.20,100.758,46.00
Zonguldak,Devrek,11.02,16.08,5.91,77.58,87.25,8.58,7.54,100.170,94.00
Zonguldak,Ereğli,14.13,16.86,11.10,77.67,81.50,7.92,8.08,100.550,63.00
Zonguldak,Gökçebey,12.08,17.08,6.99,77.50,83.42,8.75,7.51,100.525,65.00
Zonguldak,Kilimli,12.42,15.82,8.87,77.58,76.25,7.25,8.54,100.170,94.00
Zonguldak,Kozlu,13.12,15.85,10.09,77.92,76.25,8.54,8.54,99.525,147.00
Zonguldak,Merkez,12.42,15.82,8.87,77.58,76.25,7.25,8.54,101.214,9.00
